Timestamp=ms,GPU temperature=°C,GPU usage=%,Memory usage=MB,Core clock=MHz,Memory clock=MHz,Power=%,CPU temperature=°C,CPU1 usage=%,CPU2 usage=%,CPU3 usage=%,CPU4 usage=%,CPU5 usage=%,CPU6 usage=%,CPU7 usage=%,CPU8 usage=%,CPU9 usage=%,CPU10 usage=%,CPU11 usage=%,CPU12 usage=%,CPU usage=%,CPU1 clock=MHz,CPU2 clock=MHz,CPU3 clock=MHz,CPU4 clock=MHz,CPU5 clock=MHz,CPU6 clock=MHz,CPU7 clock=MHz,CPU8 clock=MHz,CPU9 clock=MHz,CPU10 clock=MHz,CPU11 clock=MHz,CPU12 clock=MHz,CPU clock=MHz,CPU power=W,RAM usage=MB,Framerate=FPS,Frametime=ms
0,84,97,4101.602,1797,5508,90,49,32.8125,17.1875,23.4375,21.875,46.875,23.4375,26.5625,15.625,34.375,18.75,23.4375,25,25.78125,4095.57,4095.57,4095.57,4095.57,4095.57,4095.57,4095.57,4095.57,4095.57,4095.57,4095.57,4095.57,4095.57,29.60919,7333,201.1,8.165
304,84,97,4101.602,1797,5508,90,49,32.8125,17.1875,23.4375,21.875,46.875,23.4375,26.5625,15.625,34.375,18.75,23.4375,25,25.78125,4095.57,4095.57,4095.57,4095.57,4095.57,4095.57,4095.57,4095.57,4095.57,4095.57,4095.57,4095.57,4095.57,29.60919,7333,201.1,8.165
609,84,97,4101.602,1797,5508,90,49,32.8125,17.1875,23.4375,21.875,46.875,23.4375,26.5625,15.625,34.375,18.75,23.4375,25,25.78125,4095.57,4095.57,4095.57,4095.57,4095.57,4095.57,4095.57,4095.57,4095.57,4095.57,4095.57,4095.57,4095.57,29.60919,7333,201.1,8.165
912,84,97,4101.602,1797,5508,90,49,32.8125,17.1875,23.4375,21.875,46.875,23.4375,26.5625,15.625,34.375,18.75,23.4375,25,25.78125,4095.57,4095.57,4095.57,4095.57,4095.57,4095.57,4095.57,4095.57,4095.57,4095.57,4095.57,4095.57,4095.57,29.60919,7333,201.1,8.165
1217,83,98,4101.789,1733.5,5508,82,50,18.41133,12.2537,13.79311,9.174879,12.2537,12.2537,13.79311,10.71429,30.7266,15.33251,18.41133,7.63547,14.56281,4095.571,4095.571,4095.571,4095.571,4095.571,4095.571,4095.571,4095.571,4095.571,4095.571,4095.571,4095.571,4095.571,21.61396,7334,201.3,8.979
1521,83,98,4101.789,1733.5,5508,82,50,18.41133,12.2537,13.79311,9.174879,12.2537,12.2537,13.79311,10.71429,30.7266,15.33251,18.41133,7.63547,14.56281,4095.571,4095.571,4095.571,4095.571,4095.571,4095.571,4095.571,4095.571,4095.571,4095.571,4095.571,4095.571,4095.571,21.61396,7334,201.3,8.979
1945,83,98,4101.789,1733.5,5508,82,50,18.41133,12.2537,13.79311,9.174879,12.2537,12.2537,13.79311,10.71429,30.7266,15.33251,18.41133,7.63547,14.56281,4095.571,4095.571,4095.571,4095.571,4095.571,4095.571,4095.571,4095.571,4095.571,4095.571,4095.571,4095.571,4095.571,21.61396,7334,201.3,8.979
2263,79,2,4023.164,139,405,16,51,16.95374,6.188487,9.264274,6.188487,12.34006,3.112699,10.80217,7.72638,44.63583,3.112699,3.112699,10.80217,11.18664,4095.571,4095.571,4095.571,4095.571,4095.571,4095.571,4095.571,4095.571,4095.571,4095.571,4095.571,4095.571,4095.571,25.43262,7279,199.9,5.5
2568,79,2,4023.164,139,405,16,51,16.95374,6.188487,9.264274,6.188487,12.34006,3.112699,10.80217,7.72638,44.63583,3.112699,3.112699,10.80217,11.18664,4095.571,4095.571,4095.571,4095.571,4095.571,4095.571,4095.571,4095.571,4095.571,4095.571,4095.571,4095.571,4095.571,25.43262,7279,199.9,5.5
2872,79,2,4023.164,139,405,16,51,16.95374,6.188487,9.264274,6.188487,12.34006,3.112699,10.80217,7.72638,44.63583,3.112699,3.112699,10.80217,11.18664,4095.571,4095.571,4095.571,4095.571,4095.571,4095.571,4095.571,4095.571,4095.571,4095.571,4095.571,4095.571,4095.571,25.43262,7279,199.9,5.5
3177,82,96,3916.34,1797,5508,90,50,17.76316,6.47575,17.76316,11.31321,12.9257,6.47575,35.50052,9.700725,27.43808,9.700725,16.15067,16.15067,15.61318,4095.571,4095.571,4095.571,4095.571,4095.571,4095.571,4095.571,4095.571,4095.571,4095.571,4095.571,4095.571,4095.571,27.85723,7309,99.7,769.577
3481,82,96,3916.34,1797,5508,90,50,17.76316,6.47575,17.76316,11.31321,12.9257,6.47575,35.50052,9.700725,27.43808,9.700725,16.15067,16.15067,15.61318,4095.571,4095.571,4095.571,4095.571,4095.571,4095.571,4095.571,4095.571,4095.571,4095.571,4095.571,4095.571,4095.571,27.85723,7309,99.7,769.577
3786,82,96,3916.34,1797,5508,90,50,17.76316,6.47575,17.76316,11.31321,12.9257,6.47575,35.50052,9.700725,27.43808,9.700725,16.15067,16.15067,15.61318,4095.571,4095.571,4095.571,4095.571,4095.571,4095.571,4095.571,4095.571,4095.571,4095.571,4095.571,4095.571,4095.571,27.85723,7309,99.7,769.577
4091,83,97,3916.34,1797,5508,90,48,10.9375,7.812502,20.3125,6.250002,18.75,9.375002,7.812502,7.812502,31.25,14.0625,15.625,10.9375,13.41146,799.1358,799.1358,799.1358,799.1358,799.1358,799.1358,799.1358,799.1358,799.1358,799.1358,799.1358,799.1358,799.1358,19.0752,7308,205.2,9.332
4396,83,97,3916.34,1797,5508,90,48,10.9375,7.812502,20.3125,6.250002,18.75,9.375002,7.812502,7.812502,31.25,14.0625,15.625,10.9375,13.41146,799.1358,799.1358,799.1358,799.1358,799.1358,799.1358,799.1358,799.1358,799.1358,799.1358,799.1358,799.1358,799.1358,19.0752,7308,205.2,9.332
4701,83,97,3916.34,1797,5508,90,48,10.9375,7.812502,20.3125,6.250002,18.75,9.375002,7.812502,7.812502,31.25,14.0625,15.625,10.9375,13.41146,799.1358,799.1358,799.1358,799.1358,799.1358,799.1358,799.1358,799.1358,799.1358,799.1358,799.1358,799.1358,799.1358,19.0752,7308,205.2,9.332
5006,83,96,3916.34,1797,5508,89,48,23.4375,7.812502,6.250002,9.375002,9.375002,6.250002,20.3125,10.9375,29.6875,7.812502,14.0625,12.5,13.15104,4095.57,4095.57,4095.57,4095.57,4095.57,4095.57,4095.57,4095.57,4095.57,4095.57,4095.57,4095.57,4095.57,20.63501,7295,205.6,8.461
5312,83,96,3916.34,1797,5508,89,48,23.4375,7.812502,6.250002,9.375002,9.375002,6.250002,20.3125,10.9375,29.6875,7.812502,14.0625,12.5,13.15104,4095.57,4095.57,4095.57,4095.57,4095.57,4095.57,4095.57,4095.57,4095.57,4095.57,4095.57,4095.57,4095.57,20.63501,7295,205.6,8.461
5617,83,96,3916.34,1797,5508,89,48,23.4375,7.812502,6.250002,9.375002,9.375002,6.250002,20.3125,10.9375,29.6875,7.812502,14.0625,12.5,13.15104,4095.57,4095.57,4095.57,4095.57,4095.57,4095.57,4095.57,4095.57,4095.57,4095.57,4095.57,4095.57,4095.57,20.63501,7295,205.6,8.461
5923,83,96,3916.34,1797,5508,89,48,23.4375,7.812502,6.250002,9.375002,9.375002,6.250002,20.3125,10.9375,29.6875,7.812502,14.0625,12.5,13.15104,4095.57,4095.57,4095.57,4095.57,4095.57,4095.57,4095.57,4095.57,4095.57,4095.57,4095.57,4095.57,4095.57,20.63501,7295,205.6,8.461
6228,80,32,2662.465,1797,5508,50,53,26.5625,20.3125,14.0625,9.375002,21.875,12.5,17.1875,9.375002,64.0625,4.687502,49.19951,10.71429,21.65948,799.1354,799.1354,799.1354,799.1354,799.1354,799.1354,799.1354,799.1354,799.1354,799.1354,799.1354,799.1354,799.1354,31.0349,7327,2787.4,67.842
6533,80,32,2662.465,1797,5508,50,53,26.5625,20.3125,14.0625,9.375002,21.875,12.5,17.1875,9.375002,64.0625,4.687502,49.19951,10.71429,21.65948,799.1354,799.1354,799.1354,799.1354,799.1354,799.1354,799.1354,799.1354,799.1354,799.1354,799.1354,799.1354,799.1354,31.0349,7327,2787.4,67.842
6837,80,32,2662.465,1797,5508,50,53,26.5625,20.3125,14.0625,9.375002,21.875,12.5,17.1875,9.375002,64.0625,4.687502,49.19951,10.71429,21.65948,799.1354,799.1354,799.1354,799.1354,799.1354,799.1354,799.1354,799.1354,799.1354,799.1354,799.1354,799.1354,799.1354,31.0349,7327,2787.4,67.842
7142,79,31,2687.465,1797,5508,50,57,33.80542,3.017244,15.33251,7.63547,23.02956,1.477835,24.56897,9.174879,76.90887,9.174879,37.5,9.375002,20.91672,4095.572,4095.572,4095.572,4095.572,4095.572,4095.572,4095.572,4095.572,4095.572,4095.572,4095.572,4095.572,4095.572,36.07318,7341,2770.3,4.76
7447,79,31,2687.465,1797,5508,50,57,33.80542,3.017244,15.33251,7.63547,23.02956,1.477835,24.56897,9.174879,76.90887,9.174879,37.5,9.375002,20.91672,4095.572,4095.572,4095.572,4095.572,4095.572,4095.572,4095.572,4095.572,4095.572,4095.572,4095.572,4095.572,4095.572,36.07318,7341,2770.3,4.76
7752,79,31,2687.465,1797,5508,50,57,33.80542,3.017244,15.33251,7.63547,23.02956,1.477835,24.56897,9.174879,76.90887,9.174879,37.5,9.375002,20.91672,4095.572,4095.572,4095.572,4095.572,4095.572,4095.572,4095.572,4095.572,4095.572,4095.572,4095.572,4095.572,4095.572,36.07318,7341,2770.3,4.76
8056,79,34,2871.465,1797,5508,50,56,50.82487,12.75381,14.3401,3.236043,19.09899,4.822337,15.9264,4.822337,87.30965,3.236043,69.8604,3.236043,24.12225,4095.57,4095.57,4095.57,4095.57,4095.57,4095.57,4095.57,4095.57,4095.57,4095.57,4095.57,4095.57,4095.57,37.39807,7335,2835.4,2.281
8360,79,34,2871.465,1797,5508,50,56,50.82487,12.75381,14.3401,3.236043,19.09899,4.822337,15.9264,4.822337,87.30965,3.236043,69.8604,3.236043,24.12225,4095.57,4095.57,4095.57,4095.57,4095.57,4095.57,4095.57,4095.57,4095.57,4095.57,4095.57,4095.57,4095.57,37.39807,7335,2835.4,2.281
8665,79,34,2871.465,1797,5508,50,56,50.82487,12.75381,14.3401,3.236043,19.09899,4.822337,15.9264,4.822337,87.30965,3.236043,69.8604,3.236043,24.12225,4095.57,4095.57,4095.57,4095.57,4095.57,4095.57,4095.57,4095.57,4095.57,4095.57,4095.57,4095.57,4095.57,37.39807,7335,2835.4,2.281
8970,78,0,2935.465,1797,5508,47,57,37.5,3.125002,9.375002,9.375002,20.3125,1.562502,12.5,4.687502,78.125,2.235174E-06,45.3125,4.687502,18.88021,4095.57,4095.57,4095.57,4095.57,4095.57,4095.57,4095.57,4095.57,4095.57,4095.57,4095.57,4095.57,4095.57,34.03973,7427,1503.1,304.417
9274,78,0,2935.465,1797,5508,47,57,37.5,3.125002,9.375002,9.375002,20.3125,1.562502,12.5,4.687502,78.125,2.235174E-06,45.3125,4.687502,18.88021,4095.57,4095.57,4095.57,4095.57,4095.57,4095.57,4095.57,4095.57,4095.57,4095.57,4095.57,4095.57,4095.57,34.03973,7427,1503.1,304.417
9579,78,0,2935.465,1797,5508,47,57,37.5,3.125002,9.375002,9.375002,20.3125,1.562502,12.5,4.687502,78.125,2.235174E-06,45.3125,4.687502,18.88021,4095.57,4095.57,4095.57,4095.57,4095.57,4095.57,4095.57,4095.57,4095.57,4095.57,4095.57,4095.57,4095.57,34.03973,7427,1503.1,304.417
9883,78,0,2935.465,1797,5508,47,57,37.5,3.125002,9.375002,9.375002,20.3125,1.562502,12.5,4.687502,78.125,2.235174E-06,45.3125,4.687502,18.88021,4095.57,4095.57,4095.57,4095.57,4095.57,4095.57,4095.57,4095.57,4095.57,4095.57,4095.57,4095.57,4095.57,34.03973,7427,1503.1,304.417
10188,78,32,3001.527,1797,5508,48,54,35.9375,10.9375,17.1875,9.375002,20.3125,14.0625,14.0625,28.125,79.6875,3.125002,43.75,10.9375,23.95833,4095.571,4095.571,4095.571,4095.571,4095.571,4095.571,4095.571,4095.571,4095.571,4095.571,4095.571,4095.571,4095.571,36.57446,7480,2688.4,3.421
10493,78,32,3001.527,1797,5508,48,54,35.9375,10.9375,17.1875,9.375002,20.3125,14.0625,14.0625,28.125,79.6875,3.125002,43.75,10.9375,23.95833,4095.571,4095.571,4095.571,4095.571,4095.571,4095.571,4095.571,4095.571,4095.571,4095.571,4095.571,4095.571,4095.571,36.57446,7480,2688.4,3.421
10798,78,32,3001.527,1797,5508,48,54,35.9375,10.9375,17.1875,9.375002,20.3125,14.0625,14.0625,28.125,79.6875,3.125002,43.75,10.9375,23.95833,4095.571,4095.571,4095.571,4095.571,4095.571,4095.571,4095.571,4095.571,4095.571,4095.571,4095.571,4095.571,4095.571,36.57446,7480,2688.4,3.421
11106,78,34,3287.527,1797,5508,49,51,32.8125,4.687502,15.625,3.125002,25,10.9375,15.625,15.625,65.625,9.375002,37.5,18.75,21.22396,4095.571,4095.571,4095.571,4095.571,4095.571,4095.571,4095.571,4095.571,4095.571,4095.571,4095.571,4095.571,4095.571,34.98682,7487,2523.3,2.491
11414,78,34,3287.527,1797,5508,49,51,32.8125,4.687502,15.625,3.125002,25,10.9375,15.625,15.625,65.625,9.375002,37.5,18.75,21.22396,4095.571,4095.571,4095.571,4095.571,4095.571,4095.571,4095.571,4095.571,4095.571,4095.571,4095.571,4095.571,4095.571,34.98682,7487,2523.3,2.491
11719,78,34,3287.527,1797,5508,49,51,32.8125,4.687502,15.625,3.125002,25,10.9375,15.625,15.625,65.625,9.375002,37.5,18.75,21.22396,4095.571,4095.571,4095.571,4095.571,4095.571,4095.571,4095.571,4095.571,4095.571,4095.571,4095.571,4095.571,4095.571,34.98682,7487,2523.3,2.491
12024,77,33,3859.527,1797,5508,47,52,34.375,4.687502,6.250002,1.562502,23.4375,12.5,14.0625,4.687502,71.875,4.687502,42.1875,4.687502,18.75,4095.57,4095.57,4095.57,4095.57,4095.57,4095.57,4095.57,4095.57,4095.57,4095.57,4095.57,4095.57,4095.57,30.83313,7496,2873.8,50.774
12328,77,33,3859.527,1797,5508,47,52,34.375,4.687502,6.250002,1.562502,23.4375,12.5,14.0625,4.687502,71.875,4.687502,42.1875,4.687502,18.75,4095.57,4095.57,4095.57,4095.57,4095.57,4095.57,4095.57,4095.57,4095.57,4095.57,4095.57,4095.57,4095.57,30.83313,7496,2873.8,50.774
12633,77,33,3859.527,1797,5508,47,52,34.375,4.687502,6.250002,1.562502,23.4375,12.5,14.0625,4.687502,71.875,4.687502,42.1875,4.687502,18.75,4095.57,4095.57,4095.57,4095.57,4095.57,4095.57,4095.57,4095.57,4095.57,4095.57,4095.57,4095.57,4095.57,30.83313,7496,2873.8,50.774
12937,77,33,3859.527,1797,5508,47,52,34.375,4.687502,6.250002,1.562502,23.4375,12.5,14.0625,4.687502,71.875,4.687502,42.1875,4.687502,18.75,4095.57,4095.57,4095.57,4095.57,4095.57,4095.57,4095.57,4095.57,4095.57,4095.57,4095.57,4095.57,4095.57,30.83313,7496,2873.8,50.774
13241,77,23,3859.527,1797,5508,46,52,35.9375,1.562502,3.125002,2.235174E-06,17.1875,1.562502,17.1875,4.687502,82.8125,2.235174E-06,9.375002,6.250002,14.97396,4095.57,4095.57,4095.57,4095.57,4095.57,4095.57,4095.57,4095.57,4095.57,4095.57,4095.57,4095.57,4095.57,31.3269,7499,2953.3,0.61
13548,77,23,3859.527,1797,5508,46,52,35.9375,1.562502,3.125002,2.235174E-06,17.1875,1.562502,17.1875,4.687502,82.8125,2.235174E-06,9.375002,6.250002,14.97396,4095.57,4095.57,4095.57,4095.57,4095.57,4095.57,4095.57,4095.57,4095.57,4095.57,4095.57,4095.57,4095.57,31.3269,7499,2953.3,0.61
13854,77,23,3859.527,1797,5508,46,52,35.9375,1.562502,3.125002,2.235174E-06,17.1875,1.562502,17.1875,4.687502,82.8125,2.235174E-06,9.375002,6.250002,14.97396,4095.57,4095.57,4095.57,4095.57,4095.57,4095.57,4095.57,4095.57,4095.57,4095.57,4095.57,4095.57,4095.57,31.3269,7499,2953.3,0.61
14161,79,98,4233.527,1797,5508,84,56,39.0625,12.5,23.4375,14.0625,25,14.0625,20.3125,12.5,62.5,14.0625,32.8125,14.0625,23.69792,4095.571,4095.571,4095.571,4095.571,4095.571,4095.571,4095.571,4095.571,4095.571,4095.571,4095.571,4095.571,4095.571,33.4184,7525,1089.5,15.002
14468,79,98,4233.527,1797,5508,84,56,39.0625,12.5,23.4375,14.0625,25,14.0625,20.3125,12.5,62.5,14.0625,32.8125,14.0625,23.69792,4095.571,4095.571,4095.571,4095.571,4095.571,4095.571,4095.571,4095.571,4095.571,4095.571,4095.571,4095.571,4095.571,33.4184,7525,1089.5,15.002
14775,79,98,4233.527,1797,5508,84,56,39.0625,12.5,23.4375,14.0625,25,14.0625,20.3125,12.5,62.5,14.0625,32.8125,14.0625,23.69792,4095.571,4095.571,4095.571,4095.571,4095.571,4095.571,4095.571,4095.571,4095.571,4095.571,4095.571,4095.571,4095.571,33.4184,7525,1089.5,15.002
15080,80,70,4673.527,1797,5508,84,51,42.1875,18.75,20.3125,17.1875,29.6875,18.75,25,12.5,43.75,21.875,39.0625,20.3125,25.78125,4095.57,4095.57,4095.57,4095.57,4095.57,4095.57,4095.57,4095.57,4095.57,4095.57,4095.57,4095.57,4095.57,33.18214,7520,149.3,101.302
15387,80,70,4673.527,1797,5508,84,51,42.1875,18.75,20.3125,17.1875,29.6875,18.75,25,12.5,43.75,21.875,39.0625,20.3125,25.78125,4095.57,4095.57,4095.57,4095.57,4095.57,4095.57,4095.57,4095.57,4095.57,4095.57,4095.57,4095.57,4095.57,33.18214,7520,149.3,101.302
15698,80,70,4673.527,1797,5508,84,51,42.1875,18.75,20.3125,17.1875,29.6875,18.75,25,12.5,43.75,21.875,39.0625,20.3125,25.78125,4095.57,4095.57,4095.57,4095.57,4095.57,4095.57,4095.57,4095.57,4095.57,4095.57,4095.57,4095.57,4095.57,33.18214,7520,149.3,101.302
16007,81,97,5201.527,1797,5508,85,51,30.7266,24.56897,32.26601,23.02956,27.64779,19.95074,26.10838,27.64779,52.27833,21.49015,41.50246,24.56897,29.31548,4095.571,4095.571,4095.571,4095.571,4095.571,4095.571,4095.571,4095.571,4095.571,4095.571,4095.571,4095.571,4095.571,32.7973,7560,167.9,6.274
16313,81,97,5201.527,1797,5508,85,51,30.7266,24.56897,32.26601,23.02956,27.64779,19.95074,26.10838,27.64779,52.27833,21.49015,41.50246,24.56897,29.31548,4095.571,4095.571,4095.571,4095.571,4095.571,4095.571,4095.571,4095.571,4095.571,4095.571,4095.571,4095.571,4095.571,32.7973,7560,167.9,6.274
16619,81,97,5201.527,1797,5508,85,51,30.7266,24.56897,32.26601,23.02956,27.64779,19.95074,26.10838,27.64779,52.27833,21.49015,41.50246,24.56897,29.31548,4095.571,4095.571,4095.571,4095.571,4095.571,4095.571,4095.571,4095.571,4095.571,4095.571,4095.571,4095.571,4095.571,32.7973,7560,167.9,6.274
16928,81,97,5201.527,1797,5508,85,51,30.7266,24.56897,32.26601,23.02956,27.64779,19.95074,26.10838,27.64779,52.27833,21.49015,41.50246,24.56897,29.31548,4095.571,4095.571,4095.571,4095.571,4095.571,4095.571,4095.571,4095.571,4095.571,4095.571,4095.571,4095.571,4095.571,32.7973,7560,167.9,6.274
17237,81,97,5267.527,1797,5508,86,51,25,21.875,25,17.1875,23.4375,18.75,23.4375,18.75,43.75,28.125,32.8125,21.875,25,4095.57,4095.57,4095.57,4095.57,4095.57,4095.57,4095.57,4095.57,4095.57,4095.57,4095.57,4095.57,4095.57,27.65173,7542,166,15.675
17546,81,97,5267.527,1797,5508,86,51,25,21.875,25,17.1875,23.4375,18.75,23.4375,18.75,43.75,28.125,32.8125,21.875,25,4095.57,4095.57,4095.57,4095.57,4095.57,4095.57,4095.57,4095.57,4095.57,4095.57,4095.57,4095.57,4095.57,27.65173,7542,166,15.675
17855,81,97,5267.527,1797,5508,86,51,25,21.875,25,17.1875,23.4375,18.75,23.4375,18.75,43.75,28.125,32.8125,21.875,25,4095.57,4095.57,4095.57,4095.57,4095.57,4095.57,4095.57,4095.57,4095.57,4095.57,4095.57,4095.57,4095.57,27.65173,7542,166,15.675
18165,81,96,5289.527,1797,5508,86,51,22.27158,15.9264,23.85787,14.3401,22.27158,20.68528,19.09899,20.68528,38.13452,19.09899,33.37564,11.16751,21.74281,4095.57,4095.57,4095.57,4095.57,4095.57,4095.57,4095.57,4095.57,4095.57,4095.57,4095.57,4095.57,4095.57,27.39469,7555,161.3,15.118
18472,81,96,5289.527,1797,5508,86,51,22.27158,15.9264,23.85787,14.3401,22.27158,20.68528,19.09899,20.68528,38.13452,19.09899,33.37564,11.16751,21.74281,4095.57,4095.57,4095.57,4095.57,4095.57,4095.57,4095.57,4095.57,4095.57,4095.57,4095.57,4095.57,4095.57,27.39469,7555,161.3,15.118
18779,81,96,5289.527,1797,5508,86,51,22.27158,15.9264,23.85787,14.3401,22.27158,20.68528,19.09899,20.68528,38.13452,19.09899,33.37564,11.16751,21.74281,4095.57,4095.57,4095.57,4095.57,4095.57,4095.57,4095.57,4095.57,4095.57,4095.57,4095.57,4095.57,4095.57,27.39469,7555,161.3,15.118
19087,81,97,5333.527,1797,5508,87,52,34.375,20.3125,25,23.4375,28.125,32.8125,20.3125,20.3125,34.375,25,32.8125,20.3125,26.43229,4095.57,4095.57,4095.57,4095.57,4095.57,4095.57,4095.57,4095.57,4095.57,4095.57,4095.57,4095.57,4095.57,29.53229,7541,165.1,14.942
19394,81,97,5333.527,1797,5508,87,52,34.375,20.3125,25,23.4375,28.125,32.8125,20.3125,20.3125,34.375,25,32.8125,20.3125,26.43229,4095.57,4095.57,4095.57,4095.57,4095.57,4095.57,4095.57,4095.57,4095.57,4095.57,4095.57,4095.57,4095.57,29.53229,7541,165.1,14.942
19706,81,97,5333.527,1797,5508,87,52,34.375,20.3125,25,23.4375,28.125,32.8125,20.3125,20.3125,34.375,25,32.8125,20.3125,26.43229,4095.57,4095.57,4095.57,4095.57,4095.57,4095.57,4095.57,4095.57,4095.57,4095.57,4095.57,4095.57,4095.57,29.53229,7541,165.1,14.942
20015,81,96,5355.59,1797,5508,85,52,34.375,25,26.5625,17.1875,28.125,21.875,18.75,17.1875,45.3125,29.6875,31.25,20.3125,26.30208,4095.571,4095.571,4095.571,4095.571,4095.571,4095.571,4095.571,4095.571,4095.571,4095.571,4095.571,4095.571,4095.571,31.11768,7540,195.9,9.685
20323,81,96,5355.59,1797,5508,85,52,34.375,25,26.5625,17.1875,28.125,21.875,18.75,17.1875,45.3125,29.6875,31.25,20.3125,26.30208,4095.571,4095.571,4095.571,4095.571,4095.571,4095.571,4095.571,4095.571,4095.571,4095.571,4095.571,4095.571,4095.571,31.11768,7540,195.9,9.685
20632,81,96,5355.59,1797,5508,85,52,34.375,25,26.5625,17.1875,28.125,21.875,18.75,17.1875,45.3125,29.6875,31.25,20.3125,26.30208,4095.571,4095.571,4095.571,4095.571,4095.571,4095.571,4095.571,4095.571,4095.571,4095.571,4095.571,4095.571,4095.571,31.11768,7540,195.9,9.685
20940,81,96,5355.59,1797,5508,85,52,34.375,25,26.5625,17.1875,28.125,21.875,18.75,17.1875,45.3125,29.6875,31.25,20.3125,26.30208,4095.571,4095.571,4095.571,4095.571,4095.571,4095.571,4095.571,4095.571,4095.571,4095.571,4095.571,4095.571,4095.571,31.11768,7540,195.9,9.685
21247,81,97,5421.59,1797,5508,85,53,32.8125,21.875,25,17.1875,17.1875,15.625,21.875,12.5,43.75,26.5625,21.875,18.75,22.91667,4095.57,4095.57,4095.57,4095.57,4095.57,4095.57,4095.57,4095.57,4095.57,4095.57,4095.57,4095.57,4095.57,29.75604,7533,169.2,6.436
21554,81,97,5421.59,1797,5508,85,53,32.8125,21.875,25,17.1875,17.1875,15.625,21.875,12.5,43.75,26.5625,21.875,18.75,22.91667,4095.57,4095.57,4095.57,4095.57,4095.57,4095.57,4095.57,4095.57,4095.57,4095.57,4095.57,4095.57,4095.57,29.75604,7533,169.2,6.436
21861,81,97,5421.59,1797,5508,85,53,32.8125,21.875,25,17.1875,17.1875,15.625,21.875,12.5,43.75,26.5625,21.875,18.75,22.91667,4095.57,4095.57,4095.57,4095.57,4095.57,4095.57,4095.57,4095.57,4095.57,4095.57,4095.57,4095.57,4095.57,29.75604,7533,169.2,6.436
22168,82,97,5443.59,1797,5508,86,51,37.5,14.0625,26.5625,17.1875,14.0625,14.0625,14.0625,18.75,42.1875,14.0625,7.812502,12.5,19.40104,4095.57,4095.57,4095.57,4095.57,4095.57,4095.57,4095.57,4095.57,4095.57,4095.57,4095.57,4095.57,4095.57,28.49072,7526,162.4,10.122
22474,82,97,5443.59,1797,5508,86,51,37.5,14.0625,26.5625,17.1875,14.0625,14.0625,14.0625,18.75,42.1875,14.0625,7.812502,12.5,19.40104,4095.57,4095.57,4095.57,4095.57,4095.57,4095.57,4095.57,4095.57,4095.57,4095.57,4095.57,4095.57,4095.57,28.49072,7526,162.4,10.122
22779,82,97,5443.59,1797,5508,86,51,37.5,14.0625,26.5625,17.1875,14.0625,14.0625,14.0625,18.75,42.1875,14.0625,7.812502,12.5,19.40104,4095.57,4095.57,4095.57,4095.57,4095.57,4095.57,4095.57,4095.57,4095.57,4095.57,4095.57,4095.57,4095.57,28.49072,7526,162.4,10.122
23084,82,97,5443.59,1797,5508,87,51,29.6875,23.4375,17.1875,10.9375,20.3125,17.1875,15.625,14.0625,43.75,20.3125,25,18.75,21.35417,4095.571,4095.571,4095.571,4095.571,4095.571,4095.571,4095.571,4095.571,4095.571,4095.571,4095.571,4095.571,4095.571,27.20978,7512,174.2,9.374
23390,82,97,5443.59,1797,5508,87,51,29.6875,23.4375,17.1875,10.9375,20.3125,17.1875,15.625,14.0625,43.75,20.3125,25,18.75,21.35417,4095.571,4095.571,4095.571,4095.571,4095.571,4095.571,4095.571,4095.571,4095.571,4095.571,4095.571,4095.571,4095.571,27.20978,7512,174.2,9.374
23696,82,97,5443.59,1797,5508,87,51,29.6875,23.4375,17.1875,10.9375,20.3125,17.1875,15.625,14.0625,43.75,20.3125,25,18.75,21.35417,4095.571,4095.571,4095.571,4095.571,4095.571,4095.571,4095.571,4095.571,4095.571,4095.571,4095.571,4095.571,4095.571,27.20978,7512,174.2,9.374
24004,82,97,5458.59,1797,5508,89,60,32.8125,25,28.125,26.5625,25,20.3125,34.375,29.6875,40.625,26.5625,14.0625,23.4375,27.21354,4095.571,4095.571,4095.571,4095.571,4095.571,4095.571,4095.571,4095.571,4095.571,4095.571,4095.571,4095.571,4095.571,33.92664,7526,171.8,6.494
24318,82,97,5458.59,1797,5508,89,60,32.8125,25,28.125,26.5625,25,20.3125,34.375,29.6875,40.625,26.5625,14.0625,23.4375,27.21354,4095.571,4095.571,4095.571,4095.571,4095.571,4095.571,4095.571,4095.571,4095.571,4095.571,4095.571,4095.571,4095.571,33.92664,7526,171.8,6.494
24624,82,97,5458.59,1797,5508,89,60,32.8125,25,28.125,26.5625,25,20.3125,34.375,29.6875,40.625,26.5625,14.0625,23.4375,27.21354,4095.571,4095.571,4095.571,4095.571,4095.571,4095.571,4095.571,4095.571,4095.571,4095.571,4095.571,4095.571,4095.571,33.92664,7526,171.8,6.494
24931,82,97,5458.59,1797,5508,89,60,32.8125,25,28.125,26.5625,25,20.3125,34.375,29.6875,40.625,26.5625,14.0625,23.4375,27.21354,4095.571,4095.571,4095.571,4095.571,4095.571,4095.571,4095.571,4095.571,4095.571,4095.571,4095.571,4095.571,4095.571,33.92664,7526,171.8,6.494
25237,82,97,5460.09,1797,5508,89,48,37.5,15.625,21.875,17.1875,26.5625,19.95074,24.56897,19.95074,43.04187,30.7266,32.26601,18.41133,25.63885,4095.57,4095.57,4095.57,4095.57,4095.57,4095.57,4095.57,4095.57,4095.57,4095.57,4095.57,4095.57,4095.57,35.7669,7541,163.5,11.31
25543,82,97,5460.09,1797,5508,89,48,37.5,15.625,21.875,17.1875,26.5625,19.95074,24.56897,19.95074,43.04187,30.7266,32.26601,18.41133,25.63885,4095.57,4095.57,4095.57,4095.57,4095.57,4095.57,4095.57,4095.57,4095.57,4095.57,4095.57,4095.57,4095.57,35.7669,7541,163.5,11.31
25850,82,97,5460.09,1797,5508,89,48,37.5,15.625,21.875,17.1875,26.5625,19.95074,24.56897,19.95074,43.04187,30.7266,32.26601,18.41133,25.63885,4095.57,4095.57,4095.57,4095.57,4095.57,4095.57,4095.57,4095.57,4095.57,4095.57,4095.57,4095.57,4095.57,35.7669,7541,163.5,11.31
26157,82,98,5526.09,1797,5508,86,53,25,14.0625,23.4375,21.875,23.4375,27.03046,28.61675,20.68528,55.58376,27.03046,38.13452,20.68528,27.13158,4095.572,4095.572,4095.572,4095.572,4095.572,4095.572,4095.572,4095.572,4095.572,4095.572,4095.572,4095.572,4095.572,32.49363,7540,180.9,7.436
26463,82,98,5526.09,1797,5508,86,53,25,14.0625,23.4375,21.875,23.4375,27.03046,28.61675,20.68528,55.58376,27.03046,38.13452,20.68528,27.13158,4095.572,4095.572,4095.572,4095.572,4095.572,4095.572,4095.572,4095.572,4095.572,4095.572,4095.572,4095.572,4095.572,32.49363,7540,180.9,7.436
26769,82,98,5526.09,1797,5508,86,53,25,14.0625,23.4375,21.875,23.4375,27.03046,28.61675,20.68528,55.58376,27.03046,38.13452,20.68528,27.13158,4095.572,4095.572,4095.572,4095.572,4095.572,4095.572,4095.572,4095.572,4095.572,4095.572,4095.572,4095.572,4095.572,32.49363,7540,180.9,7.436
27076,82,97,5592.09,1797,5508,88,52,23.4375,18.75,23.4375,17.1875,23.4375,15.625,21.875,18.75,40.625,26.5625,29.6875,19.95074,23.27715,4095.572,4095.572,4095.572,4095.572,4095.572,4095.572,4095.572,4095.572,4095.572,4095.572,4095.572,4095.572,4095.572,30.98145,7537,171.2,6.728
27382,82,97,5592.09,1797,5508,88,52,23.4375,18.75,23.4375,17.1875,23.4375,15.625,21.875,18.75,40.625,26.5625,29.6875,19.95074,23.27715,4095.572,4095.572,4095.572,4095.572,4095.572,4095.572,4095.572,4095.572,4095.572,4095.572,4095.572,4095.572,4095.572,30.98145,7537,171.2,6.728
27688,82,97,5592.09,1797,5508,88,52,23.4375,18.75,23.4375,17.1875,23.4375,15.625,21.875,18.75,40.625,26.5625,29.6875,19.95074,23.27715,4095.572,4095.572,4095.572,4095.572,4095.572,4095.572,4095.572,4095.572,4095.572,4095.572,4095.572,4095.572,4095.572,30.98145,7537,171.2,6.728
27996,82,97,5614.09,1797,5508,89,53,30.7266,16.87192,27.64779,24.56897,33.80542,21.49015,23.02956,24.56897,56.89655,27.64779,36.88424,23.4375,28.96462,4095.57,4095.57,4095.57,4095.57,4095.57,4095.57,4095.57,4095.57,4095.57,4095.57,4095.57,4095.57,4095.57,30.25555,7547,175.9,6.176
28303,82,97,5614.09,1797,5508,89,53,30.7266,16.87192,27.64779,24.56897,33.80542,21.49015,23.02956,24.56897,56.89655,27.64779,36.88424,23.4375,28.96462,4095.57,4095.57,4095.57,4095.57,4095.57,4095.57,4095.57,4095.57,4095.57,4095.57,4095.57,4095.57,4095.57,30.25555,7547,175.9,6.176
28609,82,97,5614.09,1797,5508,89,53,30.7266,16.87192,27.64779,24.56897,33.80542,21.49015,23.02956,24.56897,56.89655,27.64779,36.88424,23.4375,28.96462,4095.57,4095.57,4095.57,4095.57,4095.57,4095.57,4095.57,4095.57,4095.57,4095.57,4095.57,4095.57,4095.57,30.25555,7547,175.9,6.176
28915,82,97,5614.09,1797,5508,89,53,30.7266,16.87192,27.64779,24.56897,33.80542,21.49015,23.02956,24.56897,56.89655,27.64779,36.88424,23.4375,28.96462,4095.57,4095.57,4095.57,4095.57,4095.57,4095.57,4095.57,4095.57,4095.57,4095.57,4095.57,4095.57,4095.57,30.25555,7547,175.9,6.176
29222,82,97,5614.09,1797,5508,88,51,18.75,9.375002,14.0625,6.250002,17.1875,6.250002,18.75,17.1875,45.3125,17.1875,21.875,9.375002,16.79688,4095.57,4095.57,4095.57,4095.57,4095.57,4095.57,4095.57,4095.57,4095.57,4095.57,4095.57,4095.57,4095.57,29.69183,7547,177.3,6.109
29528,82,97,5614.09,1797,5508,88,51,18.75,9.375002,14.0625,6.250002,17.1875,6.250002,18.75,17.1875,45.3125,17.1875,21.875,9.375002,16.79688,4095.57,4095.57,4095.57,4095.57,4095.57,4095.57,4095.57,4095.57,4095.57,4095.57,4095.57,4095.57,4095.57,29.69183,7547,177.3,6.109
29835,82,97,5614.09,1797,5508,88,51,18.75,9.375002,14.0625,6.250002,17.1875,6.250002,18.75,17.1875,45.3125,17.1875,21.875,9.375002,16.79688,4095.57,4095.57,4095.57,4095.57,4095.57,4095.57,4095.57,4095.57,4095.57,4095.57,4095.57,4095.57,4095.57,29.69183,7547,177.3,6.109
30141,82,98,5614.09,1797,5508,90,54,20.68528,12.75381,27.03046,14.3401,11.16751,9.581221,22.27158,14.3401,46.06599,12.75381,23.85787,11.16751,18.8346,4095.57,4095.57,4095.57,4095.57,4095.57,4095.57,4095.57,4095.57,4095.57,4095.57,4095.57,4095.57,4095.57,30.55519,7540,171.6,6.183
30448,82,98,5614.09,1797,5508,90,54,20.68528,12.75381,27.03046,14.3401,11.16751,9.581221,22.27158,14.3401,46.06599,12.75381,23.85787,11.16751,18.8346,4095.57,4095.57,4095.57,4095.57,4095.57,4095.57,4095.57,4095.57,4095.57,4095.57,4095.57,4095.57,4095.57,30.55519,7540,171.6,6.183
30754,82,98,5614.09,1797,5508,90,54,20.68528,12.75381,27.03046,14.3401,11.16751,9.581221,22.27158,14.3401,46.06599,12.75381,23.85787,11.16751,18.8346,4095.57,4095.57,4095.57,4095.57,4095.57,4095.57,4095.57,4095.57,4095.57,4095.57,4095.57,4095.57,4095.57,30.55519,7540,171.6,6.183
31064,82,97,5636.09,1797,5508,90,51,18.75,17.1875,25,20.3125,20.3125,21.875,23.4375,26.5625,45.3125,25,28.125,17.1875,24.08854,4095.57,4095.57,4095.57,4095.57,4095.57,4095.57,4095.57,4095.57,4095.57,4095.57,4095.57,4095.57,4095.57,27.87604,7550,169.7,9.313
31370,82,97,5636.09,1797,5508,90,51,18.75,17.1875,25,20.3125,20.3125,21.875,23.4375,26.5625,45.3125,25,28.125,17.1875,24.08854,4095.57,4095.57,4095.57,4095.57,4095.57,4095.57,4095.57,4095.57,4095.57,4095.57,4095.57,4095.57,4095.57,27.87604,7550,169.7,9.313
31677,82,97,5636.09,1797,5508,90,51,18.75,17.1875,25,20.3125,20.3125,21.875,23.4375,26.5625,45.3125,25,28.125,17.1875,24.08854,4095.57,4095.57,4095.57,4095.57,4095.57,4095.57,4095.57,4095.57,4095.57,4095.57,4095.57,4095.57,4095.57,27.87604,7550,169.7,9.313
31984,82,98,5636.09,1797,5508,91,51,29.6875,12.5,18.75,12.5,17.1875,9.375002,15.625,12.5,50,18.75,18.75,10.9375,18.88021,4095.571,4095.571,4095.571,4095.571,4095.571,4095.571,4095.571,4095.571,4095.571,4095.571,4095.571,4095.571,4095.571,28.2796,7551,168.4,6.489
32290,82,98,5636.09,1797,5508,91,51,29.6875,12.5,18.75,12.5,17.1875,9.375002,15.625,12.5,50,18.75,18.75,10.9375,18.88021,4095.571,4095.571,4095.571,4095.571,4095.571,4095.571,4095.571,4095.571,4095.571,4095.571,4095.571,4095.571,4095.571,28.2796,7551,168.4,6.489
32596,82,98,5636.09,1797,5508,91,51,29.6875,12.5,18.75,12.5,17.1875,9.375002,15.625,12.5,50,18.75,18.75,10.9375,18.88021,4095.571,4095.571,4095.571,4095.571,4095.571,4095.571,4095.571,4095.571,4095.571,4095.571,4095.571,4095.571,4095.571,28.2796,7551,168.4,6.489
32902,82,98,5636.09,1797,5508,91,51,29.6875,12.5,18.75,12.5,17.1875,9.375002,15.625,12.5,50,18.75,18.75,10.9375,18.88021,4095.571,4095.571,4095.571,4095.571,4095.571,4095.571,4095.571,4095.571,4095.571,4095.571,4095.571,4095.571,4095.571,28.2796,7551,168.4,6.489
33209,82,97,5658.09,1797,5508,88,52,28.125,31.25,26.5625,21.875,26.5625,26.5625,23.4375,20.3125,62.5,26.5625,29.6875,18.75,28.51563,4095.571,4095.571,4095.571,4095.571,4095.571,4095.571,4095.571,4095.571,4095.571,4095.571,4095.571,4095.571,4095.571,29.18573,7547,185.9,5.802
33516,82,97,5658.09,1797,5508,88,52,28.125,31.25,26.5625,21.875,26.5625,26.5625,23.4375,20.3125,62.5,26.5625,29.6875,18.75,28.51563,4095.571,4095.571,4095.571,4095.571,4095.571,4095.571,4095.571,4095.571,4095.571,4095.571,4095.571,4095.571,4095.571,29.18573,7547,185.9,5.802
33822,82,97,5658.09,1797,5508,88,52,28.125,31.25,26.5625,21.875,26.5625,26.5625,23.4375,20.3125,62.5,26.5625,29.6875,18.75,28.51563,4095.571,4095.571,4095.571,4095.571,4095.571,4095.571,4095.571,4095.571,4095.571,4095.571,4095.571,4095.571,4095.571,29.18573,7547,185.9,5.802
34129,82,97,5658.09,1797,5508,88,51,34.375,25,32.8125,29.6875,28.125,25,31.25,26.5625,57.8125,25,29.6875,23.4375,30.72917,4095.571,4095.571,4095.571,4095.571,4095.571,4095.571,4095.571,4095.571,4095.571,4095.571,4095.571,4095.571,4095.571,30.66431,7548,207.1,5.282
34435,82,97,5658.09,1797,5508,88,51,34.375,25,32.8125,29.6875,28.125,25,31.25,26.5625,57.8125,25,29.6875,23.4375,30.72917,4095.571,4095.571,4095.571,4095.571,4095.571,4095.571,4095.571,4095.571,4095.571,4095.571,4095.571,4095.571,4095.571,30.66431,7548,207.1,5.282
34742,82,97,5658.09,1797,5508,88,51,34.375,25,32.8125,29.6875,28.125,25,31.25,26.5625,57.8125,25,29.6875,23.4375,30.72917,4095.571,4095.571,4095.571,4095.571,4095.571,4095.571,4095.571,4095.571,4095.571,4095.571,4095.571,4095.571,4095.571,30.66431,7548,207.1,5.282
35049,82,97,5680.09,1797,5508,87,52,21.875,21.875,21.875,15.625,21.875,21.875,18.75,28.125,62.5,20.3125,29.6875,25,25.78125,4095.57,4095.57,4095.57,4095.57,4095.57,4095.57,4095.57,4095.57,4095.57,4095.57,4095.57,4095.57,4095.57,30.35608,7558,216.7,5.08
35356,82,97,5680.09,1797,5508,87,52,21.875,21.875,21.875,15.625,21.875,21.875,18.75,28.125,62.5,20.3125,29.6875,25,25.78125,4095.57,4095.57,4095.57,4095.57,4095.57,4095.57,4095.57,4095.57,4095.57,4095.57,4095.57,4095.57,4095.57,30.35608,7558,216.7,5.08
35663,82,97,5680.09,1797,5508,87,52,21.875,21.875,21.875,15.625,21.875,21.875,18.75,28.125,62.5,20.3125,29.6875,25,25.78125,4095.57,4095.57,4095.57,4095.57,4095.57,4095.57,4095.57,4095.57,4095.57,4095.57,4095.57,4095.57,4095.57,30.35608,7558,216.7,5.08
35969,82,97,5680.09,1797,5508,89,54,29.6875,12.5,21.875,17.1875,21.875,10.9375,17.1875,18.75,37.5,17.1875,17.1875,14.0625,19.66146,4095.57,4095.57,4095.57,4095.57,4095.57,4095.57,4095.57,4095.57,4095.57,4095.57,4095.57,4095.57,4095.57,31.19287,7554,204.4,5.312
36275,82,97,5680.09,1797,5508,89,54,29.6875,12.5,21.875,17.1875,21.875,10.9375,17.1875,18.75,37.5,17.1875,17.1875,14.0625,19.66146,4095.57,4095.57,4095.57,4095.57,4095.57,4095.57,4095.57,4095.57,4095.57,4095.57,4095.57,4095.57,4095.57,31.19287,7554,204.4,5.312
36583,82,97,5680.09,1797,5508,89,54,29.6875,12.5,21.875,17.1875,21.875,10.9375,17.1875,18.75,37.5,17.1875,17.1875,14.0625,19.66146,4095.57,4095.57,4095.57,4095.57,4095.57,4095.57,4095.57,4095.57,4095.57,4095.57,4095.57,4095.57,4095.57,31.19287,7554,204.4,5.312
36889,82,97,5680.09,1797,5508,89,54,29.6875,12.5,21.875,17.1875,21.875,10.9375,17.1875,18.75,37.5,17.1875,17.1875,14.0625,19.66146,4095.57,4095.57,4095.57,4095.57,4095.57,4095.57,4095.57,4095.57,4095.57,4095.57,4095.57,4095.57,4095.57,31.19287,7554,204.4,5.312
37198,82,97,5702.09,1797,5508,90,51,26.5625,18.75,14.0625,14.0625,23.4375,17.1875,15.625,12.5,50,21.875,29.6875,21.875,22.13542,4095.57,4095.57,4095.57,4095.57,4095.57,4095.57,4095.57,4095.57,4095.57,4095.57,4095.57,4095.57,4095.57,28.14435,7551,212.3,4.946
37505,82,97,5702.09,1797,5508,90,51,26.5625,18.75,14.0625,14.0625,23.4375,17.1875,15.625,12.5,50,21.875,29.6875,21.875,22.13542,4095.57,4095.57,4095.57,4095.57,4095.57,4095.57,4095.57,4095.57,4095.57,4095.57,4095.57,4095.57,4095.57,28.14435,7551,212.3,4.946
37811,82,97,5702.09,1797,5508,90,51,26.5625,18.75,14.0625,14.0625,23.4375,17.1875,15.625,12.5,50,21.875,29.6875,21.875,22.13542,4095.57,4095.57,4095.57,4095.57,4095.57,4095.57,4095.57,4095.57,4095.57,4095.57,4095.57,4095.57,4095.57,28.14435,7551,212.3,4.946
38118,83,98,5702.09,1797,5508,90,51,26.5625,25,17.1875,12.5,17.1875,14.0625,10.9375,6.250002,50,20.3125,23.4375,12.5,19.66146,4095.571,4095.571,4095.571,4095.571,4095.571,4095.571,4095.571,4095.571,4095.571,4095.571,4095.571,4095.571,4095.571,28.18329,7549,221,4.729
38425,83,98,5702.09,1797,5508,90,51,26.5625,25,17.1875,12.5,17.1875,14.0625,10.9375,6.250002,50,20.3125,23.4375,12.5,19.66146,4095.571,4095.571,4095.571,4095.571,4095.571,4095.571,4095.571,4095.571,4095.571,4095.571,4095.571,4095.571,4095.571,28.18329,7549,221,4.729
38732,83,98,5702.09,1797,5508,90,51,26.5625,25,17.1875,12.5,17.1875,14.0625,10.9375,6.250002,50,20.3125,23.4375,12.5,19.66146,4095.571,4095.571,4095.571,4095.571,4095.571,4095.571,4095.571,4095.571,4095.571,4095.571,4095.571,4095.571,4095.571,28.18329,7549,221,4.729
39039,82,97,5724.09,1797,5508,88,53,31.25,23.4375,25,15.625,26.5625,18.75,21.875,15.625,43.75,23.4375,25,10.9375,23.4375,4095.57,4095.57,4095.57,4095.57,4095.57,4095.57,4095.57,4095.57,4095.57,4095.57,4095.57,4095.57,4095.57,27.88284,7546,219.4,5.208
39346,82,97,5724.09,1797,5508,88,53,31.25,23.4375,25,15.625,26.5625,18.75,21.875,15.625,43.75,23.4375,25,10.9375,23.4375,4095.57,4095.57,4095.57,4095.57,4095.57,4095.57,4095.57,4095.57,4095.57,4095.57,4095.57,4095.57,4095.57,27.88284,7546,219.4,5.208
39652,82,97,5724.09,1797,5508,88,53,31.25,23.4375,25,15.625,26.5625,18.75,21.875,15.625,43.75,23.4375,25,10.9375,23.4375,4095.57,4095.57,4095.57,4095.57,4095.57,4095.57,4095.57,4095.57,4095.57,4095.57,4095.57,4095.57,4095.57,27.88284,7546,219.4,5.208
39958,82,97,5724.09,1797,5508,88,53,31.25,23.4375,25,15.625,26.5625,18.75,21.875,15.625,43.75,23.4375,25,10.9375,23.4375,4095.57,4095.57,4095.57,4095.57,4095.57,4095.57,4095.57,4095.57,4095.57,4095.57,4095.57,4095.57,4095.57,27.88284,7546,219.4,5.208
40265,82,97,5900.09,1797,5508,83,55,32.8125,32.8125,21.875,15.625,29.6875,19.95074,21.49015,23.02956,55.35714,30.7266,32.26601,21.49015,28.09357,4095.57,4095.57,4095.57,4095.57,4095.57,4095.57,4095.57,4095.57,4095.57,4095.57,4095.57,4095.57,4095.57,29.59943,7553,174.6,6.259
40571,82,97,5900.09,1797,5508,83,55,32.8125,32.8125,21.875,15.625,29.6875,19.95074,21.49015,23.02956,55.35714,30.7266,32.26601,21.49015,28.09357,4095.57,4095.57,4095.57,4095.57,4095.57,4095.57,4095.57,4095.57,4095.57,4095.57,4095.57,4095.57,4095.57,29.59943,7553,174.6,6.259
40877,82,97,5900.09,1797,5508,83,55,32.8125,32.8125,21.875,15.625,29.6875,19.95074,21.49015,23.02956,55.35714,30.7266,32.26601,21.49015,28.09357,4095.57,4095.57,4095.57,4095.57,4095.57,4095.57,4095.57,4095.57,4095.57,4095.57,4095.57,4095.57,4095.57,29.59943,7553,174.6,6.259
41183,82,97,5988.09,1797,5508,82,52,23.02956,13.79311,18.41133,10.71429,23.02956,14.0625,17.1875,9.375002,35.9375,12.5,20.3125,10.9375,17.44086,4095.57,4095.57,4095.57,4095.57,4095.57,4095.57,4095.57,4095.57,4095.57,4095.57,4095.57,4095.57,4095.57,29.11066,7552,156.3,6.868
41489,82,97,5988.09,1797,5508,82,52,23.02956,13.79311,18.41133,10.71429,23.02956,14.0625,17.1875,9.375002,35.9375,12.5,20.3125,10.9375,17.44086,4095.57,4095.57,4095.57,4095.57,4095.57,4095.57,4095.57,4095.57,4095.57,4095.57,4095.57,4095.57,4095.57,29.11066,7552,156.3,6.868
41796,82,97,5988.09,1797,5508,82,52,23.02956,13.79311,18.41133,10.71429,23.02956,14.0625,17.1875,9.375002,35.9375,12.5,20.3125,10.9375,17.44086,4095.57,4095.57,4095.57,4095.57,4095.57,4095.57,4095.57,4095.57,4095.57,4095.57,4095.57,4095.57,4095.57,29.11066,7552,156.3,6.868
42101,82,97,5988.09,1797,5508,81,50,17.1875,23.4375,21.875,14.0625,18.75,17.1875,18.75,21.875,34.375,20.3125,23.4375,20.3125,20.96354,4095.571,4095.571,4095.571,4095.571,4095.571,4095.571,4095.571,4095.571,4095.571,4095.571,4095.571,4095.571,4095.571,27.2738,7552,147.4,15.21
42408,82,97,5988.09,1797,5508,81,50,17.1875,23.4375,21.875,14.0625,18.75,17.1875,18.75,21.875,34.375,20.3125,23.4375,20.3125,20.96354,4095.571,4095.571,4095.571,4095.571,4095.571,4095.571,4095.571,4095.571,4095.571,4095.571,4095.571,4095.571,4095.571,27.2738,7552,147.4,15.21
42714,82,97,5988.09,1797,5508,81,50,17.1875,23.4375,21.875,14.0625,18.75,17.1875,18.75,21.875,34.375,20.3125,23.4375,20.3125,20.96354,4095.571,4095.571,4095.571,4095.571,4095.571,4095.571,4095.571,4095.571,4095.571,4095.571,4095.571,4095.571,4095.571,27.2738,7552,147.4,15.21
43021,82,97,6010.09,1797,5508,82,52,20.68528,17.51269,28.61675,9.581221,25.44416,15.9264,15.9264,4.822337,42.8934,23.85787,15.9264,9.581221,19.23118,4095.571,4095.571,4095.571,4095.571,4095.571,4095.571,4095.571,4095.571,4095.571,4095.571,4095.571,4095.571,4095.571,28.15567,7546,154.3,12.439
43329,82,97,6010.09,1797,5508,82,52,20.68528,17.51269,28.61675,9.581221,25.44416,15.9264,15.9264,4.822337,42.8934,23.85787,15.9264,9.581221,19.23118,4095.571,4095.571,4095.571,4095.571,4095.571,4095.571,4095.571,4095.571,4095.571,4095.571,4095.571,4095.571,4095.571,28.15567,7546,154.3,12.439
43636,82,97,6010.09,1797,5508,82,52,20.68528,17.51269,28.61675,9.581221,25.44416,15.9264,15.9264,4.822337,42.8934,23.85787,15.9264,9.581221,19.23118,4095.571,4095.571,4095.571,4095.571,4095.571,4095.571,4095.571,4095.571,4095.571,4095.571,4095.571,4095.571,4095.571,28.15567,7546,154.3,12.439
43942,82,97,6010.09,1797,5508,82,52,20.68528,17.51269,28.61675,9.581221,25.44416,15.9264,15.9264,4.822337,42.8934,23.85787,15.9264,9.581221,19.23118,4095.571,4095.571,4095.571,4095.571,4095.571,4095.571,4095.571,4095.571,4095.571,4095.571,4095.571,4095.571,4095.571,28.15567,7546,154.3,12.439
44249,82,96,6010.09,1797,5508,83,52,18.75,12.5,21.875,17.1875,12.5,20.3125,17.1875,9.375002,37.5,21.875,26.5625,15.625,19.27083,4095.571,4095.571,4095.571,4095.571,4095.571,4095.571,4095.571,4095.571,4095.571,4095.571,4095.571,4095.571,4095.571,27.81238,7547,153,13.032
44556,82,96,6010.09,1797,5508,83,52,18.75,12.5,21.875,17.1875,12.5,20.3125,17.1875,9.375002,37.5,21.875,26.5625,15.625,19.27083,4095.571,4095.571,4095.571,4095.571,4095.571,4095.571,4095.571,4095.571,4095.571,4095.571,4095.571,4095.571,4095.571,27.81238,7547,153,13.032
44864,82,96,6010.09,1797,5508,83,52,18.75,12.5,21.875,17.1875,12.5,20.3125,17.1875,9.375002,37.5,21.875,26.5625,15.625,19.27083,4095.571,4095.571,4095.571,4095.571,4095.571,4095.571,4095.571,4095.571,4095.571,4095.571,4095.571,4095.571,4095.571,27.81238,7547,153,13.032
45171,82,97,6032.09,1797,5508,83,50,25,12.5,14.0625,10.9375,25,10.9375,9.375002,9.375002,39.0625,15.625,18.75,17.1875,17.31771,4095.57,4095.57,4095.57,4095.57,4095.57,4095.57,4095.57,4095.57,4095.57,4095.57,4095.57,4095.57,4095.57,27.79718,7544,153.3,11.363
45479,82,97,6032.09,1797,5508,83,50,25,12.5,14.0625,10.9375,25,10.9375,9.375002,9.375002,39.0625,15.625,18.75,17.1875,17.31771,4095.57,4095.57,4095.57,4095.57,4095.57,4095.57,4095.57,4095.57,4095.57,4095.57,4095.57,4095.57,4095.57,27.79718,7544,153.3,11.363
45786,82,97,6032.09,1797,5508,83,50,25,12.5,14.0625,10.9375,25,10.9375,9.375002,9.375002,39.0625,15.625,18.75,17.1875,17.31771,4095.57,4095.57,4095.57,4095.57,4095.57,4095.57,4095.57,4095.57,4095.57,4095.57,4095.57,4095.57,4095.57,27.79718,7544,153.3,11.363
46099,82,97,6054.09,1797,5508,84,49,18.75,18.75,20.3125,14.0625,20.3125,17.1875,14.0625,15.625,35.9375,20.3125,20.3125,10.9375,18.88021,4095.57,4095.57,4095.57,4095.57,4095.57,4095.57,4095.57,4095.57,4095.57,4095.57,4095.57,4095.57,4095.57,26.48615,7545,152.1,15.058
46406,82,97,6054.09,1797,5508,84,49,18.75,18.75,20.3125,14.0625,20.3125,17.1875,14.0625,15.625,35.9375,20.3125,20.3125,10.9375,18.88021,4095.57,4095.57,4095.57,4095.57,4095.57,4095.57,4095.57,4095.57,4095.57,4095.57,4095.57,4095.57,4095.57,26.48615,7545,152.1,15.058
46717,82,97,6054.09,1797,5508,84,49,18.75,18.75,20.3125,14.0625,20.3125,17.1875,14.0625,15.625,35.9375,20.3125,20.3125,10.9375,18.88021,4095.57,4095.57,4095.57,4095.57,4095.57,4095.57,4095.57,4095.57,4095.57,4095.57,4095.57,4095.57,4095.57,26.48615,7545,152.1,15.058
47022,82,97,6076.09,1797,5508,83,54,26.5625,14.0625,25,10.9375,17.1875,14.0625,17.1875,14.0625,35.9375,21.875,18.75,18.75,19.53125,4095.571,4095.571,4095.571,4095.571,4095.571,4095.571,4095.571,4095.571,4095.571,4095.571,4095.571,4095.571,4095.571,27.21191,7543,158.9,14.911
47328,82,97,6076.09,1797,5508,83,54,26.5625,14.0625,25,10.9375,17.1875,14.0625,17.1875,14.0625,35.9375,21.875,18.75,18.75,19.53125,4095.571,4095.571,4095.571,4095.571,4095.571,4095.571,4095.571,4095.571,4095.571,4095.571,4095.571,4095.571,4095.571,27.21191,7543,158.9,14.911
47633,82,97,6076.09,1797,5508,83,54,26.5625,14.0625,25,10.9375,17.1875,14.0625,17.1875,14.0625,35.9375,21.875,18.75,18.75,19.53125,4095.571,4095.571,4095.571,4095.571,4095.571,4095.571,4095.571,4095.571,4095.571,4095.571,4095.571,4095.571,4095.571,27.21191,7543,158.9,14.911
47939,82,97,6076.09,1797,5508,83,54,26.5625,14.0625,25,10.9375,17.1875,14.0625,17.1875,14.0625,35.9375,21.875,18.75,18.75,19.53125,4095.571,4095.571,4095.571,4095.571,4095.571,4095.571,4095.571,4095.571,4095.571,4095.571,4095.571,4095.571,4095.571,27.21191,7543,158.9,14.911
48252,82,96,6076.09,1797,5508,85,51,31.25,17.1875,28.125,14.0625,15.625,12.5,20.3125,10.9375,35.9375,17.1875,21.875,12.5,19.79167,4095.571,4095.571,4095.571,4095.571,4095.571,4095.571,4095.571,4095.571,4095.571,4095.571,4095.571,4095.571,4095.571,27.85327,7539,166.6,13.516
48557,82,96,6076.09,1797,5508,85,51,31.25,17.1875,28.125,14.0625,15.625,12.5,20.3125,10.9375,35.9375,17.1875,21.875,12.5,19.79167,4095.571,4095.571,4095.571,4095.571,4095.571,4095.571,4095.571,4095.571,4095.571,4095.571,4095.571,4095.571,4095.571,27.85327,7539,166.6,13.516
48862,82,96,6076.09,1797,5508,85,51,31.25,17.1875,28.125,14.0625,15.625,12.5,20.3125,10.9375,35.9375,17.1875,21.875,12.5,19.79167,4095.571,4095.571,4095.571,4095.571,4095.571,4095.571,4095.571,4095.571,4095.571,4095.571,4095.571,4095.571,4095.571,27.85327,7539,166.6,13.516
49168,82,96,6076.09,1797,5508,85,47,23.4375,21.875,26.5625,20.3125,18.75,6.250002,14.0625,6.250002,43.04187,24.56897,21.49015,16.87192,20.28941,4095.571,4095.571,4095.571,4095.571,4095.571,4095.571,4095.571,4095.571,4095.571,4095.571,4095.571,4095.571,4095.571,26.54813,7548,177.3,15.048
49473,82,96,6076.09,1797,5508,85,47,23.4375,21.875,26.5625,20.3125,18.75,6.250002,14.0625,6.250002,43.04187,24.56897,21.49015,16.87192,20.28941,4095.571,4095.571,4095.571,4095.571,4095.571,4095.571,4095.571,4095.571,4095.571,4095.571,4095.571,4095.571,4095.571,26.54813,7548,177.3,15.048
49778,82,96,6076.09,1797,5508,85,47,23.4375,21.875,26.5625,20.3125,18.75,6.250002,14.0625,6.250002,43.04187,24.56897,21.49015,16.87192,20.28941,4095.571,4095.571,4095.571,4095.571,4095.571,4095.571,4095.571,4095.571,4095.571,4095.571,4095.571,4095.571,4095.571,26.54813,7548,177.3,15.048
50084,82,97,6076.09,1797,5508,83,52,21.875,20.3125,15.625,7.812502,15.625,9.375002,14.0625,10.9375,34.96193,15.9264,17.51269,9.581221,16.13394,4095.57,4095.57,4095.57,4095.57,4095.57,4095.57,4095.57,4095.57,4095.57,4095.57,4095.57,4095.57,4095.57,27.61493,7542,185.5,11.4
50390,82,97,6076.09,1797,5508,83,52,21.875,20.3125,15.625,7.812502,15.625,9.375002,14.0625,10.9375,34.96193,15.9264,17.51269,9.581221,16.13394,4095.57,4095.57,4095.57,4095.57,4095.57,4095.57,4095.57,4095.57,4095.57,4095.57,4095.57,4095.57,4095.57,27.61493,7542,185.5,11.4
50695,82,97,6076.09,1797,5508,83,52,21.875,20.3125,15.625,7.812502,15.625,9.375002,14.0625,10.9375,34.96193,15.9264,17.51269,9.581221,16.13394,4095.57,4095.57,4095.57,4095.57,4095.57,4095.57,4095.57,4095.57,4095.57,4095.57,4095.57,4095.57,4095.57,27.61493,7542,185.5,11.4
51000,82,97,6076.09,1797,5508,87,50,29.18719,13.79311,18.41133,12.2537,10.71429,12.2537,15.33251,12.2537,43.04187,19.95074,24.56897,13.79311,18.79618,4095.57,4095.57,4095.57,4095.57,4095.57,4095.57,4095.57,4095.57,4095.57,4095.57,4095.57,4095.57,4095.57,25.55511,7546,154.8,13.012
51305,82,97,6076.09,1797,5508,87,50,29.18719,13.79311,18.41133,12.2537,10.71429,12.2537,15.33251,12.2537,43.04187,19.95074,24.56897,13.79311,18.79618,4095.57,4095.57,4095.57,4095.57,4095.57,4095.57,4095.57,4095.57,4095.57,4095.57,4095.57,4095.57,4095.57,25.55511,7546,154.8,13.012
51611,82,97,6076.09,1797,5508,87,50,29.18719,13.79311,18.41133,12.2537,10.71429,12.2537,15.33251,12.2537,43.04187,19.95074,24.56897,13.79311,18.79618,4095.57,4095.57,4095.57,4095.57,4095.57,4095.57,4095.57,4095.57,4095.57,4095.57,4095.57,4095.57,4095.57,25.55511,7546,154.8,13.012
51921,82,97,6076.09,1797,5508,87,50,29.18719,13.79311,18.41133,12.2537,10.71429,12.2537,15.33251,12.2537,43.04187,19.95074,24.56897,13.79311,18.79618,4095.57,4095.57,4095.57,4095.57,4095.57,4095.57,4095.57,4095.57,4095.57,4095.57,4095.57,4095.57,4095.57,25.55511,7546,154.8,13.012
52227,82,97,6076.09,1797,5508,89,50,30.20305,17.51269,20.68528,17.51269,27.03046,22.27158,20.68528,20.68528,49.23858,19.09899,23.85787,23.85787,24.38663,4095.57,4095.57,4095.57,4095.57,4095.57,4095.57,4095.57,4095.57,4095.57,4095.57,4095.57,4095.57,4095.57,27.8816,7541,162.4,10.068
52534,82,97,6076.09,1797,5508,89,50,30.20305,17.51269,20.68528,17.51269,27.03046,22.27158,20.68528,20.68528,49.23858,19.09899,23.85787,23.85787,24.38663,4095.57,4095.57,4095.57,4095.57,4095.57,4095.57,4095.57,4095.57,4095.57,4095.57,4095.57,4095.57,4095.57,27.8816,7541,162.4,10.068
52840,82,97,6076.09,1797,5508,89,50,30.20305,17.51269,20.68528,17.51269,27.03046,22.27158,20.68528,20.68528,49.23858,19.09899,23.85787,23.85787,24.38663,4095.57,4095.57,4095.57,4095.57,4095.57,4095.57,4095.57,4095.57,4095.57,4095.57,4095.57,4095.57,4095.57,27.8816,7541,162.4,10.068
53147,82,97,6076.09,1797,5508,87,52,23.4375,14.0625,17.1875,12.5,21.875,20.3125,18.75,10.9375,51.5625,17.1875,12.5,10.9375,19.27083,4095.57,4095.57,4095.57,4095.57,4095.57,4095.57,4095.57,4095.57,4095.57,4095.57,4095.57,4095.57,4095.57,26.51282,7542,161.3,10.408
53454,82,97,6076.09,1797,5508,87,52,23.4375,14.0625,17.1875,12.5,21.875,20.3125,18.75,10.9375,51.5625,17.1875,12.5,10.9375,19.27083,4095.57,4095.57,4095.57,4095.57,4095.57,4095.57,4095.57,4095.57,4095.57,4095.57,4095.57,4095.57,4095.57,26.51282,7542,161.3,10.408
53760,82,97,6076.09,1797,5508,87,52,23.4375,14.0625,17.1875,12.5,21.875,20.3125,18.75,10.9375,51.5625,17.1875,12.5,10.9375,19.27083,4095.57,4095.57,4095.57,4095.57,4095.57,4095.57,4095.57,4095.57,4095.57,4095.57,4095.57,4095.57,4095.57,26.51282,7542,161.3,10.408
54065,83,97,6076.09,1797,5508,89,53,18.75,6.250002,17.1875,9.375002,14.0625,9.375002,17.1875,6.250002,40.625,9.375002,15.625,9.375002,14.45313,3596.111,3596.111,3596.111,3596.111,3596.111,3596.111,3596.111,3596.111,3596.111,3596.111,3596.111,3596.111,3596.111,26.6839,7542,158,11.727
54371,83,97,6076.09,1797,5508,89,53,18.75,6.250002,17.1875,9.375002,14.0625,9.375002,17.1875,6.250002,40.625,9.375002,15.625,9.375002,14.45313,3596.111,3596.111,3596.111,3596.111,3596.111,3596.111,3596.111,3596.111,3596.111,3596.111,3596.111,3596.111,3596.111,26.6839,7542,158,11.727
54679,83,97,6076.09,1797,5508,89,53,18.75,6.250002,17.1875,9.375002,14.0625,9.375002,17.1875,6.250002,40.625,9.375002,15.625,9.375002,14.45313,3596.111,3596.111,3596.111,3596.111,3596.111,3596.111,3596.111,3596.111,3596.111,3596.111,3596.111,3596.111,3596.111,26.6839,7542,158,11.727
54986,83,97,6076.09,1797,5508,89,52,23.4375,10.9375,12.5,9.375002,12.5,14.0625,15.625,7.812502,34.375,14.0625,15.625,7.812502,14.84375,4095.571,4095.571,4095.571,4095.571,4095.571,4095.571,4095.571,4095.571,4095.571,4095.571,4095.571,4095.571,4095.571,26.17139,7546,153.2,12.009
55294,83,97,6076.09,1797,5508,89,52,23.4375,10.9375,12.5,9.375002,12.5,14.0625,15.625,7.812502,34.375,14.0625,15.625,7.812502,14.84375,4095.571,4095.571,4095.571,4095.571,4095.571,4095.571,4095.571,4095.571,4095.571,4095.571,4095.571,4095.571,4095.571,26.17139,7546,153.2,12.009
55601,83,97,6076.09,1797,5508,89,52,23.4375,10.9375,12.5,9.375002,12.5,14.0625,15.625,7.812502,34.375,14.0625,15.625,7.812502,14.84375,4095.571,4095.571,4095.571,4095.571,4095.571,4095.571,4095.571,4095.571,4095.571,4095.571,4095.571,4095.571,4095.571,26.17139,7546,153.2,12.009
55908,83,97,6076.09,1797,5508,89,52,23.4375,10.9375,12.5,9.375002,12.5,14.0625,15.625,7.812502,34.375,14.0625,15.625,7.812502,14.84375,4095.571,4095.571,4095.571,4095.571,4095.571,4095.571,4095.571,4095.571,4095.571,4095.571,4095.571,4095.571,4095.571,26.17139,7546,153.2,12.009
56214,83,97,6076.09,1797,5508,86,50,20.3125,14.0625,20.3125,14.0625,17.1875,18.75,17.1875,17.1875,37.5,15.625,21.875,15.625,19.14063,4095.571,4095.571,4095.571,4095.571,4095.571,4095.571,4095.571,4095.571,4095.571,4095.571,4095.571,4095.571,4095.571,26.23279,7545,148.2,12.417
56524,83,97,6076.09,1797,5508,86,50,20.3125,14.0625,20.3125,14.0625,17.1875,18.75,17.1875,17.1875,37.5,15.625,21.875,15.625,19.14063,4095.571,4095.571,4095.571,4095.571,4095.571,4095.571,4095.571,4095.571,4095.571,4095.571,4095.571,4095.571,4095.571,26.23279,7545,148.2,12.417
56831,83,97,6076.09,1797,5508,86,50,20.3125,14.0625,20.3125,14.0625,17.1875,18.75,17.1875,17.1875,37.5,15.625,21.875,15.625,19.14063,4095.571,4095.571,4095.571,4095.571,4095.571,4095.571,4095.571,4095.571,4095.571,4095.571,4095.571,4095.571,4095.571,26.23279,7545,148.2,12.417
57138,82,97,6076.09,1797,5508,86,52,23.4375,14.0625,21.875,9.375002,17.1875,18.75,20.3125,10.9375,32.8125,15.625,17.1875,14.0625,17.96875,4095.571,4095.571,4095.571,4095.571,4095.571,4095.571,4095.571,4095.571,4095.571,4095.571,4095.571,4095.571,4095.571,25.79132,7545,141.8,14.244
57444,82,97,6076.09,1797,5508,86,52,23.4375,14.0625,21.875,9.375002,17.1875,18.75,20.3125,10.9375,32.8125,15.625,17.1875,14.0625,17.96875,4095.571,4095.571,4095.571,4095.571,4095.571,4095.571,4095.571,4095.571,4095.571,4095.571,4095.571,4095.571,4095.571,25.79132,7545,141.8,14.244
57749,82,97,6076.09,1797,5508,86,52,23.4375,14.0625,21.875,9.375002,17.1875,18.75,20.3125,10.9375,32.8125,15.625,17.1875,14.0625,17.96875,4095.571,4095.571,4095.571,4095.571,4095.571,4095.571,4095.571,4095.571,4095.571,4095.571,4095.571,4095.571,4095.571,25.79132,7545,141.8,14.244
58053,83,97,6076.09,1797,5508,88,52,29.6875,18.75,20.3125,17.1875,20.3125,14.0625,20.3125,21.875,23.4375,17.1875,26.5625,20.3125,20.83333,4095.57,4095.57,4095.57,4095.57,4095.57,4095.57,4095.57,4095.57,4095.57,4095.57,4095.57,4095.57,4095.57,26.09387,7560,143,16.286
58358,83,97,6076.09,1797,5508,88,52,29.6875,18.75,20.3125,17.1875,20.3125,14.0625,20.3125,21.875,23.4375,17.1875,26.5625,20.3125,20.83333,4095.57,4095.57,4095.57,4095.57,4095.57,4095.57,4095.57,4095.57,4095.57,4095.57,4095.57,4095.57,4095.57,26.09387,7560,143,16.286
58662,83,97,6076.09,1797,5508,88,52,29.6875,18.75,20.3125,17.1875,20.3125,14.0625,20.3125,21.875,23.4375,17.1875,26.5625,20.3125,20.83333,4095.57,4095.57,4095.57,4095.57,4095.57,4095.57,4095.57,4095.57,4095.57,4095.57,4095.57,4095.57,4095.57,26.09387,7560,143,16.286
58966,83,97,6076.09,1797,5508,86,51,26.5625,15.625,18.75,25,20.3125,10.9375,17.1875,7.812502,26.5625,12.5,25,9.375002,17.96875,4095.571,4095.571,4095.571,4095.571,4095.571,4095.571,4095.571,4095.571,4095.571,4095.571,4095.571,4095.571,4095.571,26.62823,7560,136.2,7.762
59271,83,97,6076.09,1797,5508,86,51,26.5625,15.625,18.75,25,20.3125,10.9375,17.1875,7.812502,26.5625,12.5,25,9.375002,17.96875,4095.571,4095.571,4095.571,4095.571,4095.571,4095.571,4095.571,4095.571,4095.571,4095.571,4095.571,4095.571,4095.571,26.62823,7560,136.2,7.762
59576,83,97,6076.09,1797,5508,86,51,26.5625,15.625,18.75,25,20.3125,10.9375,17.1875,7.812502,26.5625,12.5,25,9.375002,17.96875,4095.571,4095.571,4095.571,4095.571,4095.571,4095.571,4095.571,4095.571,4095.571,4095.571,4095.571,4095.571,4095.571,26.62823,7560,136.2,7.762
59884,83,97,6076.09,1797,5508,86,51,26.5625,15.625,18.75,25,20.3125,10.9375,17.1875,7.812502,26.5625,12.5,25,9.375002,17.96875,4095.571,4095.571,4095.571,4095.571,4095.571,4095.571,4095.571,4095.571,4095.571,4095.571,4095.571,4095.571,4095.571,26.62823,7560,136.2,7.762
60190,83,97,6076.09,1797,5508,87,52,29.6875,25,29.18719,19.95074,24.56897,18.41133,27.64779,18.41133,26.10838,24.56897,29.18719,26.10838,24.90315,4095.571,4095.571,4095.571,4095.571,4095.571,4095.571,4095.571,4095.571,4095.571,4095.571,4095.571,4095.571,4095.571,26.65076,7546,136.2,16.356
60494,83,97,6076.09,1797,5508,87,52,29.6875,25,29.18719,19.95074,24.56897,18.41133,27.64779,18.41133,26.10838,24.56897,29.18719,26.10838,24.90315,4095.571,4095.571,4095.571,4095.571,4095.571,4095.571,4095.571,4095.571,4095.571,4095.571,4095.571,4095.571,4095.571,26.65076,7546,136.2,16.356
60798,83,97,6076.09,1797,5508,87,52,29.6875,25,29.18719,19.95074,24.56897,18.41133,27.64779,18.41133,26.10838,24.56897,29.18719,26.10838,24.90315,4095.571,4095.571,4095.571,4095.571,4095.571,4095.571,4095.571,4095.571,4095.571,4095.571,4095.571,4095.571,4095.571,26.65076,7546,136.2,16.356
61102,82,97,6076.09,1797,5508,86,52,24.56897,16.87192,28.125,18.75,21.875,20.3125,20.3125,14.0625,31.25,15.625,28.125,14.0625,21.16174,4095.57,4095.57,4095.57,4095.57,4095.57,4095.57,4095.57,4095.57,4095.57,4095.57,4095.57,4095.57,4095.57,27.47699,7545,133.9,18.169
61408,82,97,6076.09,1797,5508,86,52,24.56897,16.87192,28.125,18.75,21.875,20.3125,20.3125,14.0625,31.25,15.625,28.125,14.0625,21.16174,4095.57,4095.57,4095.57,4095.57,4095.57,4095.57,4095.57,4095.57,4095.57,4095.57,4095.57,4095.57,4095.57,27.47699,7545,133.9,18.169
61713,82,97,6076.09,1797,5508,86,52,24.56897,16.87192,28.125,18.75,21.875,20.3125,20.3125,14.0625,31.25,15.625,28.125,14.0625,21.16174,4095.57,4095.57,4095.57,4095.57,4095.57,4095.57,4095.57,4095.57,4095.57,4095.57,4095.57,4095.57,4095.57,27.47699,7545,133.9,18.169
62017,83,97,6076.09,1797,5508,85,48,35.9375,17.1875,20.3125,12.5,26.5625,15.625,17.1875,15.625,29.6875,12.5,31.25,17.1875,20.96354,4095.571,4095.571,4095.571,4095.571,4095.571,4095.571,4095.571,4095.571,4095.571,4095.571,4095.571,4095.571,4095.571,26.18854,7552,133.1,19.319
62322,83,97,6076.09,1797,5508,85,48,35.9375,17.1875,20.3125,12.5,26.5625,15.625,17.1875,15.625,29.6875,12.5,31.25,17.1875,20.96354,4095.571,4095.571,4095.571,4095.571,4095.571,4095.571,4095.571,4095.571,4095.571,4095.571,4095.571,4095.571,4095.571,26.18854,7552,133.1,19.319
62627,83,97,6076.09,1797,5508,85,48,35.9375,17.1875,20.3125,12.5,26.5625,15.625,17.1875,15.625,29.6875,12.5,31.25,17.1875,20.96354,4095.571,4095.571,4095.571,4095.571,4095.571,4095.571,4095.571,4095.571,4095.571,4095.571,4095.571,4095.571,4095.571,26.18854,7552,133.1,19.319
62933,83,97,6076.09,1797,5508,85,48,35.9375,17.1875,20.3125,12.5,26.5625,15.625,17.1875,15.625,29.6875,12.5,31.25,17.1875,20.96354,4095.571,4095.571,4095.571,4095.571,4095.571,4095.571,4095.571,4095.571,4095.571,4095.571,4095.571,4095.571,4095.571,26.18854,7552,133.1,19.319
63247,82,97,6076.09,1797,5508,83,49,17.51269,9.581221,20.68528,14.3401,17.51269,17.51269,15.9264,14.3401,19.09899,12.75381,22.27158,11.16751,16.05859,1198.703,1198.703,1198.703,1198.703,1198.703,1598.271,1598.271,1598.271,1598.271,1598.271,1598.271,1598.271,1598.271,27.6475,7560,128,15.932
63556,82,97,6076.09,1797,5508,83,49,17.51269,9.581221,20.68528,14.3401,17.51269,17.51269,15.9264,14.3401,19.09899,12.75381,22.27158,11.16751,16.05859,1198.703,1198.703,1198.703,1198.703,1198.703,1598.271,1598.271,1598.271,1598.271,1598.271,1598.271,1598.271,1598.271,27.6475,7560,128,15.932
63864,82,97,6076.09,1797,5508,83,49,17.51269,9.581221,20.68528,14.3401,17.51269,17.51269,15.9264,14.3401,19.09899,12.75381,22.27158,11.16751,16.05859,1198.703,1198.703,1198.703,1198.703,1198.703,1598.271,1598.271,1598.271,1598.271,1598.271,1598.271,1598.271,1598.271,27.6475,7560,128,15.932
64170,82,97,6076.09,1797,5508,85,47,34.375,26.5625,37.5,25,23.4375,16.87192,29.18719,21.49015,46.12069,38.42365,29.18719,24.56897,29.39373,4095.569,4095.569,4095.569,4095.569,4095.569,4095.569,4095.569,4095.569,4095.569,4095.569,4095.569,4095.569,4095.569,25.49989,7560,128.7,18.049
64475,82,97,6076.09,1797,5508,85,47,34.375,26.5625,37.5,25,23.4375,16.87192,29.18719,21.49015,46.12069,38.42365,29.18719,24.56897,29.39373,4095.569,4095.569,4095.569,4095.569,4095.569,4095.569,4095.569,4095.569,4095.569,4095.569,4095.569,4095.569,4095.569,25.49989,7560,128.7,18.049
64780,82,97,6076.09,1797,5508,85,47,34.375,26.5625,37.5,25,23.4375,16.87192,29.18719,21.49015,46.12069,38.42365,29.18719,24.56897,29.39373,4095.569,4095.569,4095.569,4095.569,4095.569,4095.569,4095.569,4095.569,4095.569,4095.569,4095.569,4095.569,4095.569,25.49989,7560,128.7,18.049
65086,83,97,6076.09,1797,5508,85,48,28.125,17.1875,23.4375,14.0625,31.25,22.27158,19.09899,14.3401,42.8934,17.51269,17.51269,14.3401,21.836,4095.571,4095.571,4095.571,4095.571,4095.571,4095.571,4095.571,4095.571,4095.571,4095.571,4095.571,4095.571,4095.571,25.98407,7561,134.2,15.139
65391,83,97,6076.09,1797,5508,85,48,28.125,17.1875,23.4375,14.0625,31.25,22.27158,19.09899,14.3401,42.8934,17.51269,17.51269,14.3401,21.836,4095.571,4095.571,4095.571,4095.571,4095.571,4095.571,4095.571,4095.571,4095.571,4095.571,4095.571,4095.571,4095.571,25.98407,7561,134.2,15.139
65696,83,97,6076.09,1797,5508,85,48,28.125,17.1875,23.4375,14.0625,31.25,22.27158,19.09899,14.3401,42.8934,17.51269,17.51269,14.3401,21.836,4095.571,4095.571,4095.571,4095.571,4095.571,4095.571,4095.571,4095.571,4095.571,4095.571,4095.571,4095.571,4095.571,25.98407,7561,134.2,15.139
66001,83,97,6076.09,1797,5508,88,50,26.5625,15.625,28.125,15.625,25,17.1875,18.75,18.75,42.1875,26.5625,21.875,12.5,22.39584,4095.571,4095.571,4095.571,4095.571,4095.571,4095.571,4095.571,4095.571,4095.571,4095.571,4095.571,4095.571,4095.571,27.12235,7561,147.3,15.761
66306,83,97,6076.09,1797,5508,88,50,26.5625,15.625,28.125,15.625,25,17.1875,18.75,18.75,42.1875,26.5625,21.875,12.5,22.39584,4095.571,4095.571,4095.571,4095.571,4095.571,4095.571,4095.571,4095.571,4095.571,4095.571,4095.571,4095.571,4095.571,27.12235,7561,147.3,15.761
66611,83,97,6076.09,1797,5508,88,50,26.5625,15.625,28.125,15.625,25,17.1875,18.75,18.75,42.1875,26.5625,21.875,12.5,22.39584,4095.571,4095.571,4095.571,4095.571,4095.571,4095.571,4095.571,4095.571,4095.571,4095.571,4095.571,4095.571,4095.571,27.12235,7561,147.3,15.761
66915,83,97,6076.09,1797,5508,88,50,26.5625,15.625,28.125,15.625,25,17.1875,18.75,18.75,42.1875,26.5625,21.875,12.5,22.39584,4095.571,4095.571,4095.571,4095.571,4095.571,4095.571,4095.571,4095.571,4095.571,4095.571,4095.571,4095.571,4095.571,27.12235,7561,147.3,15.761
67219,83,97,6076.09,1797,5508,89,50,25,14.0625,17.1875,6.250002,15.625,9.375002,7.812502,14.0625,35.9375,12.5,20.3125,9.375002,15.625,4095.571,4095.571,4095.571,4095.571,4095.571,4095.571,4095.571,4095.571,4095.571,4095.571,4095.571,4095.571,4095.571,26.08661,7563,152,13.821
67524,83,97,6076.09,1797,5508,89,50,25,14.0625,17.1875,6.250002,15.625,9.375002,7.812502,14.0625,35.9375,12.5,20.3125,9.375002,15.625,4095.571,4095.571,4095.571,4095.571,4095.571,4095.571,4095.571,4095.571,4095.571,4095.571,4095.571,4095.571,4095.571,26.08661,7563,152,13.821
67829,83,97,6076.09,1797,5508,89,50,25,14.0625,17.1875,6.250002,15.625,9.375002,7.812502,14.0625,35.9375,12.5,20.3125,9.375002,15.625,4095.571,4095.571,4095.571,4095.571,4095.571,4095.571,4095.571,4095.571,4095.571,4095.571,4095.571,4095.571,4095.571,26.08661,7563,152,13.821
68134,83,97,6076.09,1797,5508,88,51,23.4375,18.75,15.625,14.0625,17.1875,10.9375,26.5625,20.3125,45.3125,21.875,18.75,14.0625,20.57292,4095.571,4095.571,4095.571,4095.571,4095.571,4095.571,4095.571,4095.571,4095.571,4095.571,4095.571,4095.571,4095.571,24.47327,7566,153.3,12.242
68439,83,97,6076.09,1797,5508,88,51,23.4375,18.75,15.625,14.0625,17.1875,10.9375,26.5625,20.3125,45.3125,21.875,18.75,14.0625,20.57292,4095.571,4095.571,4095.571,4095.571,4095.571,4095.571,4095.571,4095.571,4095.571,4095.571,4095.571,4095.571,4095.571,24.47327,7566,153.3,12.242
68749,83,97,6076.09,1797,5508,88,51,23.4375,18.75,15.625,14.0625,17.1875,10.9375,26.5625,20.3125,45.3125,21.875,18.75,14.0625,20.57292,4095.571,4095.571,4095.571,4095.571,4095.571,4095.571,4095.571,4095.571,4095.571,4095.571,4095.571,4095.571,4095.571,24.47327,7566,153.3,12.242
69055,83,97,6077.59,1797,5508,90,56,31.25,23.4375,29.6875,21.875,21.875,20.3125,20.3125,29.6875,51.5625,34.375,26.5625,25,27.99479,4095.571,4095.571,4095.571,4095.571,4095.571,4095.571,4095.571,4095.571,4095.571,4095.571,4095.571,4095.571,4095.571,33.71643,7576,158.5,9.219
69359,83,97,6077.59,1797,5508,90,56,31.25,23.4375,29.6875,21.875,21.875,20.3125,20.3125,29.6875,51.5625,34.375,26.5625,25,27.99479,4095.571,4095.571,4095.571,4095.571,4095.571,4095.571,4095.571,4095.571,4095.571,4095.571,4095.571,4095.571,4095.571,33.71643,7576,158.5,9.219
69663,83,97,6077.59,1797,5508,90,56,31.25,23.4375,29.6875,21.875,21.875,20.3125,20.3125,29.6875,51.5625,34.375,26.5625,25,27.99479,4095.571,4095.571,4095.571,4095.571,4095.571,4095.571,4095.571,4095.571,4095.571,4095.571,4095.571,4095.571,4095.571,33.71643,7576,158.5,9.219
69968,83,98,6077.59,1797,5508,91,52,14.0625,12.5,21.875,17.1875,15.625,14.0625,17.1875,12.5,45.3125,15.625,18.75,14.0625,18.22917,4095.57,4095.57,4095.57,4095.57,4095.57,4095.57,4095.57,4095.57,4095.57,4095.57,4095.57,4095.57,4095.57,26.91943,7574,166.1,6.361
70273,83,98,6077.59,1797,5508,91,52,14.0625,12.5,21.875,17.1875,15.625,14.0625,17.1875,12.5,45.3125,15.625,18.75,14.0625,18.22917,4095.57,4095.57,4095.57,4095.57,4095.57,4095.57,4095.57,4095.57,4095.57,4095.57,4095.57,4095.57,4095.57,26.91943,7574,166.1,6.361
70577,83,98,6077.59,1797,5508,91,52,14.0625,12.5,21.875,17.1875,15.625,14.0625,17.1875,12.5,45.3125,15.625,18.75,14.0625,18.22917,4095.57,4095.57,4095.57,4095.57,4095.57,4095.57,4095.57,4095.57,4095.57,4095.57,4095.57,4095.57,4095.57,26.91943,7574,166.1,6.361
70882,83,98,6077.59,1797,5508,91,52,14.0625,12.5,21.875,17.1875,15.625,14.0625,17.1875,12.5,45.3125,15.625,18.75,14.0625,18.22917,4095.57,4095.57,4095.57,4095.57,4095.57,4095.57,4095.57,4095.57,4095.57,4095.57,4095.57,4095.57,4095.57,26.91943,7574,166.1,6.361
71185,83,97,6077.59,1797,5508,89,50,17.1875,10.9375,17.1875,9.375002,9.375002,6.250002,14.0625,12.5,50,17.1875,20.3125,10.9375,16.27604,4095.571,4095.571,4095.571,4095.571,4095.571,4095.571,4095.571,4095.571,4095.571,4095.571,4095.571,4095.571,4095.571,26.54675,7572,175.4,6.248
71490,83,97,6077.59,1797,5508,89,50,17.1875,10.9375,17.1875,9.375002,9.375002,6.250002,14.0625,12.5,50,17.1875,20.3125,10.9375,16.27604,4095.571,4095.571,4095.571,4095.571,4095.571,4095.571,4095.571,4095.571,4095.571,4095.571,4095.571,4095.571,4095.571,26.54675,7572,175.4,6.248
71797,83,97,6077.59,1797,5508,89,50,17.1875,10.9375,17.1875,9.375002,9.375002,6.250002,14.0625,12.5,50,17.1875,20.3125,10.9375,16.27604,4095.571,4095.571,4095.571,4095.571,4095.571,4095.571,4095.571,4095.571,4095.571,4095.571,4095.571,4095.571,4095.571,26.54675,7572,175.4,6.248
72104,83,97,6077.59,1797,5508,91,52,23.02956,12.2537,15.33251,12.2537,18.41133,9.174879,21.49015,15.33251,46.12069,19.95074,18.41133,16.87192,19.05275,4095.571,4095.571,4095.571,4095.571,4095.571,4095.571,4095.571,4095.571,4095.571,4095.571,4095.571,4095.571,4095.571,27.26349,7572,172.2,6.163
72411,83,97,6077.59,1797,5508,91,52,23.02956,12.2537,15.33251,12.2537,18.41133,9.174879,21.49015,15.33251,46.12069,19.95074,18.41133,16.87192,19.05275,4095.571,4095.571,4095.571,4095.571,4095.571,4095.571,4095.571,4095.571,4095.571,4095.571,4095.571,4095.571,4095.571,27.26349,7572,172.2,6.163
72727,83,97,6077.59,1797,5508,91,52,23.02956,12.2537,15.33251,12.2537,18.41133,9.174879,21.49015,15.33251,46.12069,19.95074,18.41133,16.87192,19.05275,4095.571,4095.571,4095.571,4095.571,4095.571,4095.571,4095.571,4095.571,4095.571,4095.571,4095.571,4095.571,4095.571,27.26349,7572,172.2,6.163
73035,83,97,6077.59,1797,5508,90,51,20.3125,17.1875,18.75,20.3125,10.9375,12.5,12.5,9.375002,43.75,14.0625,14.0625,15.625,17.44792,4095.57,4095.57,4095.57,4095.57,4095.57,4095.57,4095.57,4095.57,4095.57,4095.57,4095.57,4095.57,4095.57,27.60297,7577,168.1,6.585
73342,83,97,6077.59,1797,5508,90,51,20.3125,17.1875,18.75,20.3125,10.9375,12.5,12.5,9.375002,43.75,14.0625,14.0625,15.625,17.44792,4095.57,4095.57,4095.57,4095.57,4095.57,4095.57,4095.57,4095.57,4095.57,4095.57,4095.57,4095.57,4095.57,27.60297,7577,168.1,6.585
73650,83,97,6077.59,1797,5508,90,51,20.3125,17.1875,18.75,20.3125,10.9375,12.5,12.5,9.375002,43.75,14.0625,14.0625,15.625,17.44792,4095.57,4095.57,4095.57,4095.57,4095.57,4095.57,4095.57,4095.57,4095.57,4095.57,4095.57,4095.57,4095.57,27.60297,7577,168.1,6.585
73957,83,97,6077.59,1797,5508,90,51,20.3125,17.1875,18.75,20.3125,10.9375,12.5,12.5,9.375002,43.75,14.0625,14.0625,15.625,17.44792,4095.57,4095.57,4095.57,4095.57,4095.57,4095.57,4095.57,4095.57,4095.57,4095.57,4095.57,4095.57,4095.57,27.60297,7577,168.1,6.585
74265,81,30,2680.52,1797,5508,49,58,36.54823,11.16751,9.581221,15.9264,17.51269,7.994926,19.09899,17.51269,60.34264,9.581221,23.85787,12.75381,20.15652,4095.571,4095.571,4095.571,4095.571,4095.571,4095.571,4095.571,4095.571,4095.571,4095.571,4095.571,4095.571,4095.571,31.01887,7214,2686.7,139.448
74572,81,30,2680.52,1797,5508,49,58,36.54823,11.16751,9.581221,15.9264,17.51269,7.994926,19.09899,17.51269,60.34264,9.581221,23.85787,12.75381,20.15652,4095.571,4095.571,4095.571,4095.571,4095.571,4095.571,4095.571,4095.571,4095.571,4095.571,4095.571,4095.571,4095.571,31.01887,7214,2686.7,139.448
74879,81,30,2680.52,1797,5508,49,58,36.54823,11.16751,9.581221,15.9264,17.51269,7.994926,19.09899,17.51269,60.34264,9.581221,23.85787,12.75381,20.15652,4095.571,4095.571,4095.571,4095.571,4095.571,4095.571,4095.571,4095.571,4095.571,4095.571,4095.571,4095.571,4095.571,31.01887,7214,2686.7,139.448
75188,79,32,2768.527,1797,5508,49,58,40.625,9.375002,15.625,29.6875,15.625,6.250002,17.1875,6.250002,81.25,3.125002,53.125,7.812502,23.82813,4095.571,4095.571,4095.571,4095.571,4095.571,4095.571,4095.571,4095.571,4095.571,4095.571,4095.571,4095.571,4095.571,36.98431,7322,2705.7,1.778
75495,79,32,2768.527,1797,5508,49,58,40.625,9.375002,15.625,29.6875,15.625,6.250002,17.1875,6.250002,81.25,3.125002,53.125,7.812502,23.82813,4095.571,4095.571,4095.571,4095.571,4095.571,4095.571,4095.571,4095.571,4095.571,4095.571,4095.571,4095.571,4095.571,36.98431,7322,2705.7,1.778
75804,79,32,2768.527,1797,5508,49,58,40.625,9.375002,15.625,29.6875,15.625,6.250002,17.1875,6.250002,81.25,3.125002,53.125,7.812502,23.82813,4095.571,4095.571,4095.571,4095.571,4095.571,4095.571,4095.571,4095.571,4095.571,4095.571,4095.571,4095.571,4095.571,36.98431,7322,2705.7,1.778
76112,79,27,2814.402,1797,5508,48,56,31.25,7.812502,14.0625,4.687502,28.125,7.812502,15.625,12.5,75,3.125002,51.5625,17.1875,22.39583,4095.571,4095.571,4095.571,4095.571,4095.571,4095.571,4095.571,4095.571,4095.571,4095.571,4095.571,4095.571,4095.571,36.25891,7365,2404.7,9.424
76419,79,27,2814.402,1797,5508,48,56,31.25,7.812502,14.0625,4.687502,28.125,7.812502,15.625,12.5,75,3.125002,51.5625,17.1875,22.39583,4095.571,4095.571,4095.571,4095.571,4095.571,4095.571,4095.571,4095.571,4095.571,4095.571,4095.571,4095.571,4095.571,36.25891,7365,2404.7,9.424
76726,79,27,2814.402,1797,5508,48,56,31.25,7.812502,14.0625,4.687502,28.125,7.812502,15.625,12.5,75,3.125002,51.5625,17.1875,22.39583,4095.571,4095.571,4095.571,4095.571,4095.571,4095.571,4095.571,4095.571,4095.571,4095.571,4095.571,4095.571,4095.571,36.25891,7365,2404.7,9.424
77034,78,30,2846.402,1797,5508,49,59,32.8125,34.375,29.6875,3.125002,25,7.812502,9.375002,15.625,81.25,4.687502,56.25,1.562502,25.13021,4095.571,4095.571,4095.571,4095.571,4095.571,4095.571,4095.571,4095.571,4095.571,4095.571,4095.571,4095.571,4095.571,36.26312,7354,2588.8,2.744
77343,78,30,2846.402,1797,5508,49,59,32.8125,34.375,29.6875,3.125002,25,7.812502,9.375002,15.625,81.25,4.687502,56.25,1.562502,25.13021,4095.571,4095.571,4095.571,4095.571,4095.571,4095.571,4095.571,4095.571,4095.571,4095.571,4095.571,4095.571,4095.571,36.26312,7354,2588.8,2.744
77650,78,30,2846.402,1797,5508,49,59,32.8125,34.375,29.6875,3.125002,25,7.812502,9.375002,15.625,81.25,4.687502,56.25,1.562502,25.13021,4095.571,4095.571,4095.571,4095.571,4095.571,4095.571,4095.571,4095.571,4095.571,4095.571,4095.571,4095.571,4095.571,36.26312,7354,2588.8,2.744
77957,78,30,2846.402,1797,5508,49,59,32.8125,34.375,29.6875,3.125002,25,7.812502,9.375002,15.625,81.25,4.687502,56.25,1.562502,25.13021,4095.571,4095.571,4095.571,4095.571,4095.571,4095.571,4095.571,4095.571,4095.571,4095.571,4095.571,4095.571,4095.571,36.26312,7354,2588.8,2.744
78264,79,97,3104.777,1771.5,5508,85,52,15.625,4.687502,6.250002,1.562502,20.3125,1.562502,14.0625,3.125002,62.5,1.562502,25,4.687502,13.41146,4095.571,4095.571,4095.571,4095.571,4095.571,4095.571,4095.571,4095.571,4095.571,4095.571,4095.571,4095.571,4095.571,30.51819,7368,1521.9,51.794
78572,79,97,3104.777,1771.5,5508,85,52,15.625,4.687502,6.250002,1.562502,20.3125,1.562502,14.0625,3.125002,62.5,1.562502,25,4.687502,13.41146,4095.571,4095.571,4095.571,4095.571,4095.571,4095.571,4095.571,4095.571,4095.571,4095.571,4095.571,4095.571,4095.571,30.51819,7368,1521.9,51.794
78879,79,97,3104.777,1771.5,5508,85,52,15.625,4.687502,6.250002,1.562502,20.3125,1.562502,14.0625,3.125002,62.5,1.562502,25,4.687502,13.41146,4095.571,4095.571,4095.571,4095.571,4095.571,4095.571,4095.571,4095.571,4095.571,4095.571,4095.571,4095.571,4095.571,30.51819,7368,1521.9,51.794
79188,81,97,3720.777,1797,5508,89,49,27.64779,12.2537,15.33251,10.71429,12.2537,9.174879,15.33251,10.71429,44.58128,7.63547,26.10838,9.174879,16.74364,4095.57,4095.57,4095.57,4095.57,4095.57,4095.57,4095.57,4095.57,4095.57,4095.57,4095.57,4095.57,4095.57,24.41557,7357,204.1,6.752
79496,81,97,3720.777,1797,5508,89,49,27.64779,12.2537,15.33251,10.71429,12.2537,9.174879,15.33251,10.71429,44.58128,7.63547,26.10838,9.174879,16.74364,4095.57,4095.57,4095.57,4095.57,4095.57,4095.57,4095.57,4095.57,4095.57,4095.57,4095.57,4095.57,4095.57,24.41557,7357,204.1,6.752
79806,81,97,3720.777,1797,5508,89,49,27.64779,12.2537,15.33251,10.71429,12.2537,9.174879,15.33251,10.71429,44.58128,7.63547,26.10838,9.174879,16.74364,4095.57,4095.57,4095.57,4095.57,4095.57,4095.57,4095.57,4095.57,4095.57,4095.57,4095.57,4095.57,4095.57,24.41557,7357,204.1,6.752
80113,82,96,3918.777,1797,5508,89,49,12.5,9.375002,12.5,4.687502,14.0625,9.375002,14.0625,4.687502,26.5625,14.0625,20.3125,15.625,13.15104,4095.571,4095.571,4095.571,4095.571,4095.571,4095.571,4095.571,4095.571,4095.571,4095.571,4095.571,4095.571,4095.571,20.4516,7367,204.7,8.467
80420,82,96,3918.777,1797,5508,89,49,12.5,9.375002,12.5,4.687502,14.0625,9.375002,14.0625,4.687502,26.5625,14.0625,20.3125,15.625,13.15104,4095.571,4095.571,4095.571,4095.571,4095.571,4095.571,4095.571,4095.571,4095.571,4095.571,4095.571,4095.571,4095.571,20.4516,7367,204.7,8.467
80727,82,96,3918.777,1797,5508,89,49,12.5,9.375002,12.5,4.687502,14.0625,9.375002,14.0625,4.687502,26.5625,14.0625,20.3125,15.625,13.15104,4095.571,4095.571,4095.571,4095.571,4095.571,4095.571,4095.571,4095.571,4095.571,4095.571,4095.571,4095.571,4095.571,20.4516,7367,204.7,8.467
81035,82,95,3918.777,1797,5508,89,51,23.85787,7.994926,9.581221,4.822337,7.994926,9.581221,11.16751,11.16751,31.78934,9.581221,11.16751,12.75381,12.62162,799.1358,799.1358,799.1358,799.1358,799.1358,799.1358,799.1358,799.1358,799.1358,799.1358,799.1358,799.1358,799.1358,19.41284,7367,204.7,8.102
81342,82,95,3918.777,1797,5508,89,51,23.85787,7.994926,9.581221,4.822337,7.994926,9.581221,11.16751,11.16751,31.78934,9.581221,11.16751,12.75381,12.62162,799.1358,799.1358,799.1358,799.1358,799.1358,799.1358,799.1358,799.1358,799.1358,799.1358,799.1358,799.1358,799.1358,19.41284,7367,204.7,8.102
81848,82,95,3918.777,1797,5508,89,51,23.85787,7.994926,9.581221,4.822337,7.994926,9.581221,11.16751,11.16751,31.78934,9.581221,11.16751,12.75381,12.62162,799.1358,799.1358,799.1358,799.1358,799.1358,799.1358,799.1358,799.1358,799.1358,799.1358,799.1358,799.1358,799.1358,19.41284,7367,204.7,8.102
82216,77,16,4081.402,139,405,16,50,11.11111,6.944447,6.944447,2.77778,9.722224,6.944447,22.22222,6.944447,16.66667,2.77778,26.38889,13.88889,11.11111,4095.57,4095.57,4095.57,4095.57,4095.57,4095.57,4095.57,4095.57,4095.57,4095.57,4095.57,4095.57,4095.57,24.65006,7416,205.1,5.006
82546,77,16,4081.402,139,405,16,50,11.11111,6.944447,6.944447,2.77778,9.722224,6.944447,22.22222,6.944447,16.66667,2.77778,26.38889,13.88889,11.11111,4095.57,4095.57,4095.57,4095.57,4095.57,4095.57,4095.57,4095.57,4095.57,4095.57,4095.57,4095.57,4095.57,24.65006,7416,205.1,5.006
82853,77,16,4081.402,139,405,16,50,11.11111,6.944447,6.944447,2.77778,9.722224,6.944447,22.22222,6.944447,16.66667,2.77778,26.38889,13.88889,11.11111,4095.57,4095.57,4095.57,4095.57,4095.57,4095.57,4095.57,4095.57,4095.57,4095.57,4095.57,4095.57,4095.57,24.65006,7416,205.1,5.006
83160,80,96,4063.59,1797,5508,89,50,19.64286,8.928574,25,12.5,17.85715,12.5,35.71429,8.928574,21.42857,7.142859,12.5,12.5,16.22024,4095.571,4095.571,4095.571,4095.571,4095.571,4095.571,4095.571,4095.571,4095.571,4095.571,4095.571,4095.571,4095.571,30.95208,7501,78.2,984.766
83467,80,96,4063.59,1797,5508,89,50,19.64286,8.928574,25,12.5,17.85715,12.5,35.71429,8.928574,21.42857,7.142859,12.5,12.5,16.22024,4095.571,4095.571,4095.571,4095.571,4095.571,4095.571,4095.571,4095.571,4095.571,4095.571,4095.571,4095.571,4095.571,30.95208,7501,78.2,984.766
83774,80,96,4063.59,1797,5508,89,50,19.64286,8.928574,25,12.5,17.85715,12.5,35.71429,8.928574,21.42857,7.142859,12.5,12.5,16.22024,4095.571,4095.571,4095.571,4095.571,4095.571,4095.571,4095.571,4095.571,4095.571,4095.571,4095.571,4095.571,4095.571,30.95208,7501,78.2,984.766
84081,82,97,4063.59,1797,5508,89,49,21.49015,15.33251,26.10838,19.95074,18.41133,16.87192,13.79311,13.79311,30.7266,19.95074,21.49015,18.41133,19.69417,4095.571,4095.571,4095.571,4095.571,4095.571,4095.571,4095.571,4095.571,4095.571,4095.571,4095.571,4095.571,4095.571,20.41196,7504,205.3,8.817
84388,82,97,4063.59,1797,5508,89,49,21.49015,15.33251,26.10838,19.95074,18.41133,16.87192,13.79311,13.79311,30.7266,19.95074,21.49015,18.41133,19.69417,4095.571,4095.571,4095.571,4095.571,4095.571,4095.571,4095.571,4095.571,4095.571,4095.571,4095.571,4095.571,4095.571,20.41196,7504,205.3,8.817
84695,82,97,4063.59,1797,5508,89,49,21.49015,15.33251,26.10838,19.95074,18.41133,16.87192,13.79311,13.79311,30.7266,19.95074,21.49015,18.41133,19.69417,4095.571,4095.571,4095.571,4095.571,4095.571,4095.571,4095.571,4095.571,4095.571,4095.571,4095.571,4095.571,4095.571,20.41196,7504,205.3,8.817
85002,82,96,4063.59,1797,5508,88,46,18.75,12.5,17.1875,9.375002,15.625,9.375002,12.5,7.812502,34.375,12.5,14.0625,12.5,14.71354,4095.571,4095.571,4095.571,4095.571,4095.571,4095.571,4095.571,4095.571,4095.571,4095.571,4095.571,4095.571,4095.571,19.771,7506,203.7,10.342
85309,82,96,4063.59,1797,5508,88,46,18.75,12.5,17.1875,9.375002,15.625,9.375002,12.5,7.812502,34.375,12.5,14.0625,12.5,14.71354,4095.571,4095.571,4095.571,4095.571,4095.571,4095.571,4095.571,4095.571,4095.571,4095.571,4095.571,4095.571,4095.571,19.771,7506,203.7,10.342
85616,82,96,4063.59,1797,5508,88,46,18.75,12.5,17.1875,9.375002,15.625,9.375002,12.5,7.812502,34.375,12.5,14.0625,12.5,14.71354,4095.571,4095.571,4095.571,4095.571,4095.571,4095.571,4095.571,4095.571,4095.571,4095.571,4095.571,4095.571,4095.571,19.771,7506,203.7,10.342
