Timestamp=ms,GPU temperature=°C,GPU usage=%,Memory usage=MB,Core clock=MHz,Memory clock=MHz,Power=W,CPU1 temperature=°C,CPU1 usage=%,CPU2 usage=%,CPU3 usage=%,CPU4 usage=%,CPU5 usage=%,CPU6 usage=%,CPU7 usage=%,CPU8 usage=%,CPU9 usage=%,CPU10 usage=%,CPU11 usage=%,CPU12 usage=%,CPU13 usage=%,CPU14 usage=%,CPU15 usage=%,CPU16 usage=%,CPU usage=%,CPU1 clock=MHz,CPU2 clock=MHz,CPU3 clock=MHz,CPU4 clock=MHz,CPU5 clock=MHz,CPU6 clock=MHz,CPU7 clock=MHz,CPU8 clock=MHz,CPU9 clock=MHz,CPU10 clock=MHz,CPU11 clock=MHz,CPU12 clock=MHz,CPU13 clock=MHz,CPU14 clock=MHz,CPU15 clock=MHz,CPU16 clock=MHz,CPU clock=MHz,RAM usage=MB,Framerate=FPS,Frametime=ms
0,50,6,4000.129,65,167,5,61.875,12.5,3.125002,12.5,4.687502,20.3125,9.375002,21.875,2.235174E-06,21.875,2.235174E-06,14.0625,2.235174E-06,17.1875,2.235174E-06,1.562502,12.5,9.472657,2087.5,2087.5,4175,4175,4175,4175,2087.5,2087.5,2087.5,2087.5,4175,4175,2087.5,2087.5,2087.5,2087.5,4175,6504,0,0
1019,50,6,3998.16,68,167,4,62.25,10.9375,6.250002,20.3125,3.125002,18.75,14.0625,32.8125,3.125002,28.125,1.562502,26.5625,59.375,18.75,4.687502,6.250002,9.375002,16.50391,4000,4000,4000,4000,4000,4000,4000,4000,4000,4000,4000,4000,4000,4000,4000,4000,4000,6836,0,0
2023,50,6,3998.66,70,167,5,62.25,23.4375,6.250002,7.812502,29.6875,25,2.235174E-06,10.9375,10.9375,21.875,1.562502,17.1875,12.5,18.75,10.9375,2.235174E-06,9.375002,12.89063,4125,4125,2062.5,2062.5,4125,4125,4125,4125,2062.5,2062.5,4125,4150,2075,2075,2075,2075,4150,6515,0,0
3030,49,6,3813.047,45,167,4,61.25,10.58439,6.037829,15.13094,4.522311,13.61542,7.553349,13.61542,3.006792,7.553349,34.83269,10.58439,4.522311,12.09991,1.491273,3.006792,30.28613,11.15271,2050,2050,2050,2050,4100,4100,2050,2050,2050,2050,4100,4100,4100,4100,2050,2050,4100,6582,0,0
4152,50,0,3820.875,941,945,69,69.25,23.78049,20.60468,28.54421,9.489331,14.25305,14.25305,31.72002,20.60468,57.12653,9.489331,26.9563,28.54421,22.19258,9.489331,14.25305,42.83537,23.38351,3975,3975,3975,3975,3975,3975,3975,3975,3975,3975,3975,4000,4000,4000,4000,4000,4000,6486,3.8,12093.91
5160,54,99,3820.344,1441,945,240,67.75,31.78934,14.3401,27.03046,12.75381,17.51269,23.85787,30.20305,9.581221,20.68528,14.3401,19.09899,22.27158,31.78934,7.994926,9.581221,33.37564,20.38785,2200,2200,2200,2200,2200,2200,2200,2200,2000,2000,2000,2000,4000,4000,2000,2000,4000,6486,152.5,90.43
6164,56,99,3820.406,1567,945,239,66.75,34.375,14.0625,28.125,28.125,46.875,4.687502,15.625,39.0625,25,20.3125,18.75,4.687502,20.3125,10.9375,17.1875,51.5625,23.73047,4050,4050,2700,2700,4050,4050,4050,4050,4050,4050,4050,4050,4050,4050,4050,4050,4050,6813,195.2,5.655
7169,57,99,3820.406,1577,945,241,65.625,43.75,9.375002,35.9375,21.875,34.375,7.812502,29.6875,10.9375,32.8125,12.5,31.25,4.687502,32.8125,4.687502,25,48.4375,24.12109,3975,3975,3975,3975,3975,3975,3975,3975,3975,3975,3975,3975,3975,3975,3975,3975,3975,6473,191.4,7.461
8175,57,99,3827.406,1554,945,235,65,34.375,17.1875,35.9375,17.1875,23.4375,51.5625,32.8125,4.687502,31.25,6.250002,21.875,4.687502,26.5625,3.125002,18.75,56.25,24.12109,4000,4000,4000,4000,4000,4000,4000,4000,4000,4000,4000,4000,4000,4000,4000,4000,4000,6786,200.9,45.737
9180,56,99,3903.918,1421,945,219,65,45.3125,26.5625,31.25,6.250002,32.8125,6.250002,23.4375,14.0625,43.75,7.812502,23.4375,1.562502,25,4.687502,14.0625,46.875,22.07031,4000,4000,4000,4000,4000,4000,4000,4000,4000,4000,4000,4000,4000,4000,4000,4000,4000,6451,155.8,207.624
10186,57,99,3933.121,1573,945,238,65,32.8125,35.9375,42.1875,17.1875,43.75,18.75,39.0625,14.0625,60.9375,18.75,35.9375,32.8125,28.125,26.5625,29.6875,59.375,33.49609,4000,4000,4000,4000,4000,4000,4000,4000,4000,4000,4000,4000,4000,4000,4000,4000,4000,6769,130.4,9.77
11193,58,99,3933.121,1577,945,239,66,26.5625,35.9375,37.5,35.9375,31.25,12.5,25,31.25,29.6875,23.4375,37.5,17.1875,18.75,14.0625,26.5625,51.5625,28.41797,4000,4000,4000,4000,4000,4000,4000,4000,4000,4000,4000,4000,4000,4000,4000,4000,4000,6481,126.1,8.405
12199,58,99,3947.379,1589,945,234,65.5,31.25,23.4375,29.6875,12.5,39.0625,3.125002,29.6875,23.4375,18.75,40.625,34.375,12.5,32.8125,9.375002,40.625,40.625,26.36719,4000,4000,4000,4000,4000,4000,4000,3975,3975,3975,3975,3975,3975,3975,3975,3975,4000,6830,124.9,8.704
13206,58,99,3948.379,1594,945,237,66.5,35.9375,37.5,46.875,42.1875,45.3125,18.75,32.8125,28.125,32.8125,15.625,28.125,62.5,35.9375,21.875,42.1875,39.0625,35.35156,3975,3975,3975,3975,3975,3975,3975,3975,3975,3975,3975,3975,3975,3975,3975,3975,3975,6657,124.4,8.497
14214,56,99,3964.465,1307,945,191,66.125,56.25,18.75,29.6875,17.1875,32.8125,7.812502,17.1875,12.5,14.0625,14.0625,15.625,4.687502,23.4375,1.562502,10.9375,65.625,21.38672,3975,3975,3975,3975,3975,3975,3975,3975,3975,3975,3975,3975,3975,3975,3975,3975,3975,6747,58.8,178.488
15222,58,99,4033.77,1559,945,236,66.75,64.0625,32.8125,45.3125,48.4375,46.875,35.9375,46.875,18.75,48.4375,15.625,23.4375,50,31.25,21.875,34.375,59.375,38.96484,3975,3975,3975,3975,3975,3975,3975,3975,3975,3975,3975,3975,3975,3975,3975,3975,3975,7009,118.4,12.14
16227,58,99,4728.637,1546,945,231,66.25,45.3125,25,42.1875,25,28.125,12.5,34.375,14.0625,32.8125,20.3125,39.0625,3.125002,28.125,12.5,28.125,73.4375,29.00391,4000,4000,4000,4000,4000,4000,3975,3975,3975,3975,3975,3975,3975,3975,3975,3975,4000,6703,106.4,71.021
17235,59,99,4733.395,1589,945,237,66.25,54.6875,46.875,51.5625,20.3125,34.375,18.75,37.5,25,40.625,25,32.8125,29.6875,26.5625,18.75,31.25,62.5,34.76563,3975,3975,3975,3975,3975,3975,3975,3975,3975,3975,3975,3975,3975,3975,3975,3975,3975,7045,119.7,10.742
18241,59,99,4739.91,1595,945,234,66.375,42.1875,37.5,46.875,25,50,21.875,42.1875,28.125,46.875,15.625,35.9375,15.625,37.5,14.0625,28.125,70.3125,34.86328,3975,3975,3975,3975,3975,3975,3975,3975,3975,3975,3975,3975,3975,3975,3975,3975,3975,6730,118.8,10.044
19248,60,99,4744.168,1597,945,234,66.5,50,25,39.0625,18.75,40.625,25,48.4375,25,51.5625,10.9375,51.5625,21.875,28.125,14.0625,28.125,73.4375,34.47266,3975,3975,3975,3975,3975,3975,3975,3975,3975,3975,3975,3975,3975,3975,3975,3975,3975,7077,118.7,10.82
20254,56,99,5039.949,1290,800,47,66.625,48.4375,12.5,29.6875,20.3125,32.8125,21.875,28.125,42.1875,26.5625,17.1875,26.5625,9.375002,32.8125,9.375002,20.3125,68.75,27.92969,3975,3975,3975,3975,3975,3975,3975,3975,3975,3975,3975,3975,3975,3975,3975,3975,3975,6843,83.3,64.356
21260,54,42,5009.902,1091,800,45,65.875,35.9375,12.5,45.3125,4.687502,37.5,6.250002,39.0625,1.562502,39.0625,6.250002,45.3125,7.812502,29.6875,18.75,12.5,68.75,25.68359,4100,4100,4100,4100,4100,4100,4100,4100,2050,2050,4100,4100,2050,2050,4100,4100,4100,7156,40.5,44.629
22266,54,27,5047.293,1084,800,67,66.5,40.625,43.75,40.625,9.375002,35.9375,6.250002,32.8125,26.5625,29.6875,14.0625,43.75,9.375002,29.6875,10.9375,18.75,73.4375,29.10156,4075,4075,2037.5,2037.5,2037.5,2037.5,4075,4075,4075,4075,4100,4100,4125,4125,4125,4125,4125,6860,48.3,44.002
23273,54,79,5056.582,1135,945,79,66.625,76.5625,51.5625,75,29.6875,65.625,40.625,68.75,46.875,54.6875,28.125,53.125,42.1875,62.5,43.75,46.875,90.625,54.78516,3975,3975,3975,3975,3975,3975,3975,3975,3975,3975,3975,3975,3975,3975,3975,3975,3975,6961,65.1,22.708
24281,54,77,5057.09,1178,945,98,75.5,79.6875,45.3125,68.75,39.0625,65.625,54.6875,57.8125,48.4375,62.5,46.875,59.375,34.375,67.1875,32.8125,65.625,84.375,57.03125,3975,3975,3975,3975,3975,3975,3975,3975,3975,3975,3975,3975,3975,3975,3975,3975,3975,7221,68.8,23.008
25287,57,69,5057.09,1518,945,237,73.875,65.625,15.625,60.9375,17.1875,50,10.9375,51.5625,21.875,48.4375,10.9375,48.4375,14.0625,50,9.375002,45.3125,59.375,36.23047,3975,3975,3975,3975,3975,3975,3975,3975,3975,3975,3975,3975,3975,3975,3975,3975,3975,6896,107.6,14.695
26293,57,99,5168.871,1507,800,112,72.375,51.5625,26.5625,40.625,15.625,34.375,20.3125,50,34.375,43.75,17.1875,32.8125,14.0625,37.5,9.375002,40.625,56.25,32.8125,3975,3975,3975,3975,3975,3975,3975,3975,3975,3975,3975,3975,3975,3975,3975,3975,3975,7263,118.3,36.665
27301,57,18,5695.246,1536,945,202,71,64.0625,37.5,60.9375,28.125,46.875,40.625,54.6875,29.6875,53.125,31.25,53.125,28.125,42.1875,25,37.5,75,44.23828,3650,3650,3650,3650,3650,3650,3650,3650,3850,3850,3850,4000,3200,3200,4000,4000,4000,7022,39,85.877
28307,57,88,5716.457,1592,945,200,69.75,56.25,32.8125,54.6875,29.6875,50,25,48.4375,28.125,53.125,25,48.4375,17.1875,43.75,21.875,34.375,78.125,40.42969,3975,3975,3975,3975,3975,3975,3975,3975,3975,3975,3975,3975,3975,3975,3975,3975,3975,7349,51.7,24.87
29316,57,96,5698.273,1603,945,183,69.5,60.9375,45.3125,70.3125,26.5625,46.875,31.25,56.25,26.5625,46.875,32.8125,50,35.9375,45.3125,40.625,37.5,75,45.50781,3975,3975,3975,3975,3975,3975,3975,3975,3975,3975,3975,3975,3975,3975,3975,3975,3975,7081,56.3,28.412
30322,58,85,5668.215,1607,945,211,68.625,60.9375,23.4375,57.8125,31.25,29.6875,50,57.8125,17.1875,57.8125,17.1875,50,12.5,40.625,37.5,35.9375,65.625,40.33203,3975,3975,3975,3975,3975,3975,3975,3975,3975,3975,3975,3975,3975,3975,3975,3975,3975,7229,73.3,15.183
31331,58,99,5668.215,1607,945,209,69.25,68.75,25,60.9375,26.5625,54.6875,31.25,48.4375,29.6875,51.5625,34.375,46.875,46.875,56.25,21.875,40.625,73.4375,44.82422,3975,3975,3975,3975,3975,3975,3975,3975,3975,3975,3975,3975,3975,3975,3975,3975,3975,7082,71.5,16.608
32338,58,99,5668.715,1606,945,198,68.75,68.75,23.4375,67.1875,18.75,62.5,17.1875,57.8125,17.1875,64.0625,20.3125,53.125,12.5,48.4375,18.75,25,82.8125,41.11328,3975,3975,3975,3975,3975,3975,3975,3975,3975,3975,3975,3975,3975,3975,3975,3975,3975,7113,73,16.534
33345,58,89,5696.785,1607,945,205,68.875,68.75,50,60.9375,40.625,67.1875,23.4375,70.3125,29.6875,53.125,28.125,60.9375,39.0625,43.75,42.1875,51.5625,79.6875,50.58594,3975,3975,3975,3975,3975,3975,3975,3975,3975,3975,3975,3975,3975,3975,3975,3975,3975,7403,67.9,18.834
34353,58,92,5698.566,1607,945,211,68.5,68.75,17.1875,65.625,9.375002,59.375,21.875,48.4375,31.25,59.375,18.75,60.9375,14.0625,53.125,23.4375,34.375,73.4375,41.21094,3975,3975,3975,3975,3975,3975,3975,3975,3975,3975,3975,3975,3975,3975,3975,3975,3975,7081,72,16.604
35359,59,99,5700.355,1607,945,202,68.375,68.75,35.9375,65.625,28.125,56.25,39.0625,53.125,35.9375,50,32.8125,50,35.9375,34.375,42.1875,53.125,68.75,46.875,3975,3975,3975,3975,3975,3975,3975,3975,3975,3975,3975,3975,3975,3975,3975,3975,3975,7400,68.9,18.747
36366,58,99,5667.035,1608,945,205,68.625,75,37.5,57.8125,29.6875,53.125,37.5,53.125,39.0625,64.0625,21.875,56.25,23.4375,64.0625,14.0625,40.625,68.75,45.99609,3975,3975,3975,3975,3975,3975,3975,3975,3975,3975,3975,3975,3975,3975,3975,3975,3975,7080,65.6,18.913
37374,58,99,5670.074,1599,945,185,68.75,54.6875,29.6875,45.3125,40.625,68.75,26.5625,51.5625,39.0625,57.8125,23.4375,60.9375,29.6875,46.875,25,39.0625,75,44.62891,3975,3975,3975,3975,3975,3975,3975,3975,3975,3975,3975,3975,3975,3975,3975,3975,3975,7380,64.6,20.933
38383,59,93,5662.805,1605,945,202,69.125,68.75,45.3125,50,43.75,60.9375,34.375,46.875,56.25,53.125,48.4375,56.25,40.625,50,48.4375,54.6875,82.8125,52.53906,3975,3975,3975,3975,3975,3975,3975,3975,3975,3975,3975,3975,3975,3975,3975,3975,3975,7081,58.9,22.909
39393,59,99,5664.813,1601,945,198,68.75,48.4375,23.4375,62.5,23.4375,56.25,34.375,59.375,28.125,54.6875,17.1875,46.875,17.1875,53.125,21.875,34.375,81.25,41.40625,3975,3975,3975,3975,3975,3975,3975,3975,3975,3975,3975,3975,3975,3975,3975,3975,3975,7174,56.7,36.577
40404,59,87,5651.082,1604,945,199,69.5,68.75,39.0625,67.1875,39.0625,67.1875,34.375,68.75,39.0625,59.375,35.9375,51.5625,34.375,61.51478,26.10838,59.97537,84.60591,52.30574,3975,3975,3975,3975,3975,3975,3975,3975,3975,3975,3975,3975,3975,3975,3975,3975,3975,7195,51.4,23.542
41413,59,97,5660.324,1605,945,221,68.75,60.9375,14.0625,53.125,15.625,56.25,23.4375,53.125,20.3125,51.5625,15.625,42.1875,15.625,50.82487,9.581221,25.44416,88.89594,37.28883,3975,3975,3975,3975,3975,3975,3975,3975,3975,3975,3975,3975,3975,3975,3975,3975,3975,7083,52,22.164
42423,59,99,5675.723,1604,945,211,69.125,59.375,43.75,57.8125,34.375,62.5,34.375,53.125,31.25,57.8125,40.625,60.9375,32.8125,54.6875,26.5625,50,85.9375,49.12109,3975,3975,3975,3975,3975,3975,3975,3975,3975,3975,3975,3975,3975,3975,3975,3975,3975,7432,49.5,22.898
43434,59,99,5720.82,1605,945,214,68.875,68.75,20.3125,67.1875,28.125,60.9375,18.75,50,31.25,57.8125,14.0625,56.25,17.1875,54.6875,23.4375,39.0625,82.8125,43.16406,3975,3975,3975,3975,3975,3975,3975,3975,3975,3975,3975,3975,3975,3975,3975,3975,3975,7125,48.1,24.389
44442,59,99,5700.242,1604,945,202,68.625,68.75,28.125,48.4375,34.375,59.375,23.4375,56.25,20.3125,51.5625,18.75,59.375,21.875,46.875,28.125,40.625,82.8125,43.06641,3975,3975,3975,3975,3975,3975,3975,3975,3975,3975,3975,3975,3975,3975,3975,3975,3975,7422,48.6,23.555
45455,60,97,5713.273,1605,945,213,68.875,68.75,23.4375,62.5,18.75,53.125,29.6875,57.8125,10.9375,42.1875,45.3125,48.4375,14.0625,54.6875,15.625,42.1875,79.6875,41.69922,3975,3975,3975,3975,3975,3975,3975,3975,3975,3975,3975,3975,3975,3975,3975,3975,3975,7128,50,22.557
46463,60,99,5663.484,1604,945,214,68.75,59.375,26.5625,54.6875,20.3125,51.5625,18.75,53.125,15.625,46.875,21.875,51.5625,10.9375,43.75,18.75,46.875,75,38.47656,3975,3975,3975,3975,3975,3975,3975,3975,3975,3975,3975,3975,3975,3975,3975,3975,3975,7310,50.3,20.751
47470,60,99,5639.863,1603,945,214,69.625,59.375,26.5625,73.4375,21.875,39.0625,42.1875,56.25,34.375,46.875,43.75,51.5625,37.5,40.625,37.5,51.5625,71.875,45.89844,3975,3975,3975,3975,3975,3975,3975,3975,3975,3975,3975,3975,3975,3975,3975,3975,3975,7127,49.9,25.265
48478,60,99,5669.777,1604,945,221,69,67.1875,23.4375,56.25,25,57.8125,29.6875,67.1875,37.5,60.9375,18.75,53.125,29.6875,54.6875,17.1875,53.125,75,45.41016,3975,3975,3975,3975,3975,3975,3975,3975,3975,3975,3975,3975,3975,3975,3975,3975,3975,7163,49.8,23.375
49489,60,99,5652.754,1605,945,215,69.375,57.8125,26.5625,50,51.5625,62.5,35.9375,56.25,37.5,51.5625,31.25,40.625,50,54.6875,26.5625,53.125,82.8125,48.04688,3975,3975,3975,3975,3975,3975,3975,3975,3975,3975,3975,3975,3975,3975,3975,3975,3975,7458,48.3,24.489
50499,60,99,5615.676,1604,945,221,69.125,65.625,25,67.1875,23.4375,53.125,25,57.8125,17.1875,64.0625,14.0625,57.8125,28.125,46.875,20.3125,35.9375,78.125,42.48047,3975,3975,3975,3975,3975,3975,3975,3975,3975,3975,3975,3975,3975,3975,3975,3975,3975,7129,49.6,24.412
51508,60,99,5679.027,1603,945,215,69.375,62.5,32.8125,60.9375,32.8125,64.0625,17.1875,57.8125,25,56.25,23.4375,42.1875,46.875,45.3125,26.5625,34.375,84.375,44.53125,3975,3975,3975,3975,3975,3975,3975,3975,3975,3975,3975,3975,3975,3975,3975,3975,3975,7442,49.3,24.238
52514,60,99,5629.23,1602,945,210,69.625,59.375,32.8125,54.6875,20.3125,35.9375,48.4375,50,28.125,59.375,25,34.375,20.3125,32.8125,34.375,37.5,85.9375,41.21094,3975,3975,3975,3975,3975,3975,3975,3975,3975,3975,3975,3975,3975,3975,3975,3975,3975,7123,46.9,33.348
53521,60,99,5648.488,1604,945,211,69.375,57.8125,21.875,59.375,23.4375,50,26.5625,50,21.875,40.625,35.9375,43.75,15.625,48.4375,17.1875,42.1875,79.6875,39.64844,3975,3975,3975,3975,3975,3975,3975,3975,3975,3975,3975,3975,3975,3975,3975,3975,3975,7456,49.7,23.979
54528,60,99,5656.523,1604,945,212,70,64.0625,39.0625,67.1875,25,59.375,29.6875,51.5625,26.5625,57.8125,23.4375,40.625,42.1875,51.5625,17.1875,43.75,75,44.62891,3975,3975,3975,3975,3975,3975,3975,3975,3975,3975,3975,3975,3975,3975,3975,3975,3975,7132,48.9,24.926
55535,60,99,5662,1604,945,209,69.625,59.375,20.3125,59.375,23.4375,56.25,17.1875,43.75,28.125,39.0625,23.4375,35.9375,26.5625,34.375,20.3125,29.6875,73.4375,36.91406,3975,3975,3975,3975,3975,3975,3975,3975,3975,3975,3975,3975,3975,3975,3975,3975,3975,7216,50.4,20.762
56543,60,99,5665.016,1603,945,215,70.25,62.5,40.625,56.25,35.9375,60.9375,25,56.25,26.5625,40.625,39.0625,43.75,46.875,57.8125,28.125,46.875,76.5625,46.48438,3975,3975,3975,3975,3975,3975,3975,3975,3975,3975,3975,3975,3975,3975,3975,3975,3975,7463,48.4,25.94
57551,60,99,5631.18,1604,945,216,70,65.625,34.375,50,34.375,59.375,18.75,48.4375,20.3125,59.375,12.5,45.3125,28.125,53.125,23.4375,35.9375,79.6875,41.79688,3975,3975,3975,3975,3975,3975,3975,3975,3975,3975,3975,3975,3975,3975,3975,3975,3975,7147,51,22.174
58563,60,99,5642.715,1603,945,207,70,57.8125,43.75,59.375,18.75,50,26.5625,48.4375,34.375,45.3125,28.125,42.1875,40.625,53.125,32.8125,40.625,87.5,44.33594,3975,3975,3975,3975,3975,3975,3975,3975,3975,3975,3975,3975,3975,3975,3975,3975,3975,7478,51.8,25.144
59571,60,95,5647.977,1604,945,212,70.25,62.5,28.125,53.125,31.25,43.75,23.4375,51.5625,28.125,59.375,26.5625,48.4375,28.125,54.6875,21.875,43.75,75,42.48047,3950,3950,3950,3950,3950,3950,3950,3950,3950,3950,3950,3950,3950,3975,3975,3975,3975,7156,53.2,22.565
60580,61,99,5649.246,1602,945,202,70,60.9375,35.9375,48.4375,26.5625,51.5625,31.25,65.625,17.1875,64.0625,26.5625,64.0625,18.75,42.1875,28.125,46.875,73.4375,43.84766,3975,3975,3975,3975,3975,3975,3975,3975,3975,3975,3975,3975,3975,3975,3975,3975,3975,7458,53.7,24.169
61588,61,90,5665.309,1604,945,214,70,67.1875,26.5625,46.875,37.5,50,20.3125,48.4375,35.9375,54.6875,31.25,40.625,46.875,50,28.125,43.75,76.5625,44.04297,3975,3975,3975,3975,3975,3975,3975,3975,3975,3975,3975,3975,3975,3975,3975,3975,3975,7160,52.1,24.132
62596,61,99,5656.367,1603,945,211,69.5,67.1875,32.8125,62.5,25,57.8125,26.5625,54.6875,15.625,50,18.75,51.5625,29.6875,53.125,15.625,40.625,75,42.28516,3975,3975,3975,3975,3975,3975,3975,3975,3975,3975,3975,3975,3975,3975,3975,3975,3975,7331,53.9,20.581
63604,61,99,5640.605,1603,945,212,70,54.6875,46.875,54.6875,40.625,59.375,34.375,50,39.0625,54.6875,26.5625,50,28.125,53.125,32.8125,43.75,82.8125,46.97266,3975,3975,3975,3975,3975,3975,3975,3975,3975,3975,3975,3975,3975,3975,3975,3975,3975,7153,50,25.716
64611,61,99,5638.496,1604,945,216,70,60.9375,18.75,48.4375,17.1875,53.125,18.75,48.4375,10.9375,45.3125,7.812502,48.4375,7.812502,42.1875,17.1875,25,82.8125,34.57031,3975,3975,3975,3975,3975,3975,3975,3975,3975,3975,3975,3975,3975,3975,3975,3975,3975,7183,53,21.777
65620,61,99,5674.691,1604,945,218,70.5,75,37.5,60.9375,40.625,48.4375,42.1875,53.125,40.625,56.25,42.1875,42.1875,59.375,53.125,39.0625,53.125,79.6875,51.46484,3975,3975,3975,3975,3975,3975,3975,3975,3975,3975,3975,3975,3975,3975,3975,3975,3975,7460,52.8,23.301
66627,61,99,5643.16,1603,945,221,69.875,65.625,21.875,60.9375,12.5,57.8125,23.4375,48.4375,20.3125,46.875,12.5,51.5625,20.3125,54.6875,15.625,45.3125,62.5,38.76953,3975,3975,3975,3975,3975,3975,3975,3975,3975,3975,3975,3975,3975,3975,3975,3975,3975,7140,53.3,21.122
67635,61,99,5664.477,1601,945,205,69.875,67.1875,39.0625,62.5,25,46.875,25,56.25,21.875,57.8125,29.6875,48.4375,39.0625,53.125,34.375,45.3125,75,45.41016,3975,3975,3975,3975,3975,3975,3975,3975,3975,3975,3975,3975,3975,3975,3975,3975,3975,7458,51,28.506
68643,61,92,5634.617,1602,945,217,70.125,59.375,29.6875,67.1875,15.625,48.4375,32.8125,45.3125,23.4375,48.4375,26.5625,45.3125,28.125,42.1875,29.6875,31.25,76.5625,40.625,3975,3975,3975,3975,3975,3975,3975,3975,3975,3975,3975,3975,3975,3975,3975,3975,3975,7142,53.4,19.893
69650,61,99,5629.352,1601,945,199,70,68.75,31.25,60.9375,26.5625,50,23.4375,51.5625,29.6875,48.4375,35.9375,53.125,40.625,46.875,25,43.75,81.25,44.82422,3975,3975,3975,3975,3975,3975,3975,3975,3975,3975,3975,3975,3975,3975,3975,3975,3975,7468,52.1,25.544
70658,61,99,5648.145,1603,945,218,70.5,64.0625,34.375,57.8125,26.5625,57.8125,23.4375,34.375,50,57.8125,28.125,53.125,34.375,50,26.5625,42.1875,92.1875,45.80078,3975,3975,3975,3975,3975,3975,3975,3975,3975,3975,3975,3975,3975,3975,3975,3975,3975,7155,49.9,24.075
71668,61,99,5679.73,1603,945,208,70,68.75,28.125,54.6875,29.6875,57.8125,18.75,48.4375,32.8125,53.125,10.9375,48.4375,12.5,35.9375,32.8125,31.25,79.6875,40.23438,3975,3975,3975,3975,3975,3975,3975,3975,3975,3975,3975,3975,3975,3975,3975,3975,3975,7267,51.4,23.433
72676,61,99,5652.813,1604,945,210,70.5,65.625,28.125,60.9375,40.625,45.3125,43.75,48.4375,39.0625,56.25,18.75,59.375,29.6875,53.125,28.125,48.4375,78.125,46.48438,3975,3975,3975,3975,3975,3975,3975,3975,3975,3975,3975,3975,3975,3975,3975,3975,3975,7155,50.5,24.41
73683,61,93,5640.41,1604,945,213,70.25,53.125,34.375,40.625,20.3125,42.1875,20.3125,50,18.75,50,23.4375,32.8125,31.25,39.0625,10.9375,37.5,79.6875,36.52344,3975,3975,3975,3975,3975,3975,3975,3975,3975,3975,3975,3975,3975,3975,3975,3975,3975,7148,53,22.509
74693,62,99,5655.199,1604,945,209,70.625,53.125,43.75,51.5625,45.3125,51.5625,25,43.75,59.375,51.5625,23.4375,46.875,35.9375,45.3125,31.25,51.5625,82.8125,46.38672,3975,3975,3975,3975,3975,3975,3975,3975,3975,3975,3975,3975,3975,3975,3975,3975,3975,7473,52.2,24.181
75700,62,99,5658.234,1603,945,218,70.625,70.3125,31.25,56.25,17.1875,51.5625,31.25,57.8125,17.1875,46.875,23.4375,45.3125,26.5625,53.125,15.625,34.375,79.98769,41.13204,3975,3975,3975,3975,3975,3975,3975,3975,3975,3975,3975,3975,3975,3975,3975,3975,3975,7152,54.3,20.011
76711,62,99,5652.922,1602,945,218,70.375,70.3125,31.25,65.625,23.4375,62.5,15.625,64.0625,26.5625,40.625,34.375,46.875,28.125,56.25,21.875,34.375,76.20558,43.63004,3975,3975,3975,3975,3975,3975,3975,3975,3975,3975,3975,3975,3975,3975,3975,3975,3975,7471,55,19.16
77717,62,99,5660.434,1602,945,219,70.375,53.125,12.5,54.6875,21.875,54.6875,17.1875,48.4375,20.3125,59.375,17.1875,43.75,26.5625,50,26.5625,39.0625,81.25,39.16016,3975,3975,3975,3975,3975,3975,3975,3975,3975,3975,3975,3975,3975,3975,3975,3975,3975,7151,57.4,18.494
78726,62,99,5643.398,1602,945,219,70,67.1875,28.125,60.9375,20.3125,68.75,14.0625,46.875,31.25,50,28.125,48.4375,31.25,62.5,17.1875,39.0625,81.25,43.45703,3975,3975,3975,3975,3975,3975,3975,3975,3975,3975,3975,3975,3975,3975,3975,3975,3975,7438,57.8,19.185
79736,62,99,5651.293,1602,945,218,70.875,57.8125,39.0625,70.3125,32.8125,60.9375,23.4375,50,46.875,57.8125,23.4375,46.875,18.75,60.9375,20.3125,42.1875,76.5625,45.50781,3975,3975,3975,3975,3975,3975,3975,3975,3975,3975,3975,3975,3975,3975,3975,3975,3975,7139,56.7,19.453
80744,62,98,5658.582,1601,945,227,70.25,60.9375,32.8125,64.0625,18.75,46.875,34.375,48.4375,17.1875,51.5625,29.6875,46.875,14.0625,50,15.625,34.375,76.5625,40.13672,3975,3975,3975,3975,3975,3975,3975,3975,3975,3975,3975,3975,3975,3975,3975,3975,3975,7229,56.1,18.866
81752,62,99,5656.074,1598,945,229,71,62.5,40.625,65.625,20.3125,45.3125,25,56.25,18.75,46.875,28.125,46.875,25,45.3125,17.1875,42.1875,84.375,41.89453,3975,3975,3975,3975,3975,3975,3975,3975,3975,3975,3975,3975,3975,3975,3975,3975,3975,7483,56.2,20.946
82761,63,99,5664.668,1598,945,228,70.5,56.25,35.9375,51.5625,18.75,53.125,18.75,42.1875,20.3125,42.1875,29.6875,48.4375,23.4375,51.5625,18.75,27.64779,72.29064,38.17974,3975,3975,3975,3975,3975,3975,3975,3975,3975,3975,3975,3975,3975,3975,3975,3975,3975,7159,54.6,25.506
83769,62,99,5648.621,1600,945,207,71,68.75,37.5,51.5625,32.8125,31.25,53.125,53.125,48.4375,42.1875,45.3125,51.5625,18.75,50,34.375,44.4797,76.20558,46.2147,3975,3975,3975,3975,3975,3975,3975,3975,3975,3975,3975,3975,3975,3975,3975,3975,3975,7480,49.6,24.988
84778,62,99,5611.145,1602,945,214,70.875,60.9375,21.875,53.125,29.6875,59.375,15.625,62.5,10.9375,43.75,20.3125,39.0625,23.4375,45.3125,34.375,31.25,64.0625,38.47656,3950,3950,3950,3950,3975,3975,3975,3975,3975,3975,3975,3975,3975,3975,3975,3975,3975,7154,49.3,22.722
85787,62,99,5614.418,1603,945,202,70.875,68.75,26.5625,59.375,28.125,60.9375,42.1875,50,39.0625,56.25,40.625,53.125,40.625,57.8125,23.4375,50,84.375,48.82813,3975,3975,3975,3975,3975,3975,3975,3975,3975,3975,3975,3975,3975,3975,3975,3975,3975,7407,47.3,28.344
86795,62,97,5630.41,1604,945,216,71.125,64.0625,26.5625,64.0625,18.75,59.375,25,59.375,32.8125,59.375,20.3125,35.9375,40.625,45.3125,25,48.4375,81.25,44.14063,3975,3975,3975,3975,3975,3975,3975,3975,3975,3975,3975,3975,3975,3975,3975,3975,3975,7145,47.2,25.405
87803,62,99,5621.855,1603,945,211,70.5,68.75,25,57.8125,21.875,67.1875,26.5625,56.25,15.625,59.375,14.0625,54.6875,25,48.4375,28.125,32.8125,79.6875,42.57813,3975,3975,3975,3975,3975,3975,3975,3975,3975,3975,3975,3975,3975,3975,3975,3975,3975,7296,50.5,20.605
88810,63,99,5631.387,1603,945,215,71,65.625,29.6875,60.9375,32.8125,51.5625,28.125,53.125,26.5625,57.8125,25,56.25,17.1875,48.4375,32.8125,46.875,71.875,44.04297,3975,3975,3975,3975,3975,3975,3975,3975,3975,3975,3975,3975,3975,3975,3975,3975,3975,7139,49.6,22.911
89820,63,99,5633.91,1603,945,218,70.5,54.6875,25,54.6875,18.75,56.25,15.625,54.6875,20.3125,45.3125,14.0625,39.0625,18.75,48.4375,20.3125,34.375,82.8125,37.69531,3975,3975,3975,3975,3975,3975,3975,3975,3975,3975,3975,3975,3975,3975,3975,3975,3975,7173,53.1,20.494
90828,62,99,5578.285,1601,945,223,71.5,60.9375,29.6875,53.125,29.6875,59.375,23.4375,39.0625,56.25,50,21.875,42.1875,45.3125,54.6875,18.75,45.3125,76.5625,44.14063,3975,3975,3975,3975,3975,3975,3975,3975,3975,3975,3975,3975,3975,3975,3975,3975,3975,7442,53.6,25.067
91835,63,99,5574.527,1602,945,214,70.875,59.375,29.6875,50,20.3125,43.75,12.5,48.4375,18.75,46.875,9.375002,37.5,17.1875,45.3125,12.5,20.3125,76.5625,34.27734,3975,3975,3975,3975,3975,3975,3975,3975,3975,3975,3975,3975,3975,3975,3975,3975,3975,7119,54,20.371
92845,63,99,5523.902,1601,945,205,71,64.0625,39.0625,54.6875,32.8125,46.875,51.5625,57.8125,43.75,54.6875,25,40.625,39.0625,54.6875,28.125,43.75,81.25,47.36328,3975,3975,3975,3975,3975,3975,3975,3975,3975,3975,3975,3975,3975,3975,3975,3975,3975,7435,54.1,25.011
93853,63,99,5544.809,1602,945,223,70.875,62.5,31.25,48.4375,25,53.125,18.75,48.4375,26.5625,46.875,21.875,39.0625,26.5625,40.625,18.75,34.375,78.125,38.76953,3975,3975,3975,3975,3975,3975,3975,3975,3975,3975,3975,3975,3975,3975,3975,3975,3975,7112,55.2,25.612
94860,63,99,5544.813,1601,945,219,70.5,56.25,12.5,50,25,53.125,15.625,50,17.1875,37.5,35.9375,45.3125,32.8125,53.125,21.875,25,76.5625,37.98828,3975,3975,3975,3975,3975,3975,3975,3975,3975,3975,3975,3975,3975,3975,3975,3975,3975,7437,56.6,18.189
95866,61,99,5675.52,1460,800,66,70.75,62.5,12.5,62.5,14.0625,42.1875,20.3125,39.0625,28.125,42.1875,17.1875,25,31.25,39.0625,18.75,26.5625,76.5625,34.86328,3975,3975,3975,3975,3975,3975,3975,3975,3975,3975,3975,3975,3975,3975,3975,3975,3975,7115,51.9,101.006
96872,62,2,5280.43,1506,945,217,70,60.9375,26.5625,60.9375,29.6875,73.4375,23.4375,53.125,23.4375,53.125,32.8125,56.25,15.625,48.4375,18.75,39.0625,65.625,42.57813,3975,3975,3975,3975,3975,3975,3975,3975,3975,3975,3975,3975,3975,3975,3975,3975,3975,7164,68.4,115.245
97878,63,99,5302.773,1599,945,222,69.375,50,10.9375,32.8125,12.5,34.375,4.687502,34.375,6.250002,26.5625,3.125002,31.25,4.687502,29.6875,1.562502,53.125,32.8125,23.04688,3975,3975,3975,3975,3975,3975,3975,3975,3975,3975,3975,3975,3975,3975,3975,3975,3975,7077,98.6,10.805
98885,63,99,5299.008,1600,945,222,69.5,35.9375,31.25,34.375,20.3125,21.875,7.812502,29.6875,48.4375,26.5625,42.1875,29.6875,18.75,29.6875,9.375002,43.75,42.1875,29.49219,3975,3975,3975,3975,3975,3975,3975,3975,3975,3975,3975,3975,3975,3975,3975,3975,3975,7362,98.5,11.103
99892,63,99,5299.008,1600,945,219,68.875,42.1875,7.812502,32.8125,6.250002,34.375,6.250002,29.6875,10.9375,29.6875,1.562502,21.875,10.9375,18.75,6.250002,45.3125,29.6875,20.89844,3975,3975,3975,3975,3975,3975,3975,3975,3975,3975,3975,3975,3975,3975,3975,3975,3975,7041,98.7,10.821
100898,64,99,5299.008,1600,945,221,69.375,39.0625,26.5625,40.625,9.375002,39.0625,12.5,56.25,15.625,40.625,7.812502,28.125,7.812502,29.6875,7.812502,48.4375,46.875,28.51563,3975,3975,3975,3975,3975,3975,3975,3975,3975,3975,3975,3975,3975,3975,3975,3975,3975,7358,99.3,10.655
101905,64,99,5299.008,1600,945,222,69,46.875,12.5,45.3125,3.125002,45.3125,15.625,32.8125,7.812502,29.6875,12.5,21.875,23.4375,42.1875,6.250002,53.125,29.6875,26.75781,3975,3975,3975,3975,3975,3975,3975,3975,3975,3975,3975,3975,3975,3975,3975,3975,3975,7040,99,10.962
102912,62,99,5299.008,1510,800,104,69.125,48.4375,12.5,48.4375,14.0625,45.3125,7.812502,39.0625,7.812502,35.9375,4.687502,20.3125,53.125,31.25,10.9375,48.4375,31.25,28.71094,3975,3975,3975,3975,3975,3975,3975,3975,3975,3975,3975,3975,3975,3975,3975,3975,3975,7362,99.1,10.612
103925,61,0,5299.008,1398,945,217,69.5,28.125,2.235174E-06,37.5,3.125002,42.1875,10.9375,21.875,4.687502,32.8125,15.625,17.1875,37.5,15.625,2.235174E-06,21.875,21.875,19.43359,2050,2050,2050,2050,4125,4125,2062.5,2062.5,2062.5,4125,4125,4125,2062.5,2062.5,2062.5,2062.5,4125,7040,39.9,656.317
104932,63,99,5299.008,1574,945,221,68.75,35.9375,17.1875,34.375,10.9375,39.0625,17.1875,28.125,7.812502,29.6875,3.125002,39.0625,12.5,34.375,10.9375,53.125,37.5,25.68359,3975,3975,3975,3975,3975,3975,3975,3975,3975,3975,3975,3975,3975,3975,3975,3975,3975,7305,98.5,11.029
105941,63,99,5299.008,1597,945,223,69.5,35.9375,25,35.9375,9.375002,21.875,29.6875,18.75,54.6875,29.6875,7.812502,25,6.250002,26.5625,3.125002,43.75,31.25,25.29297,3975,3975,3975,3975,3975,3975,3975,3975,3975,3975,3975,3975,3975,3975,3975,3975,3975,7043,97.8,11.197
106948,64,99,5299.008,1600,945,220,68.375,43.75,20.3125,39.0625,14.0625,43.75,4.687502,39.0625,12.5,35.9375,6.250002,28.125,7.812502,29.6875,14.0625,53.125,40.625,27.05078,3975,3975,3975,3975,3975,3975,3975,3975,3975,3975,3975,3975,3975,3975,3975,3975,3975,7126,98.7,10.976
107955,64,99,5299.008,1601,945,220,69.25,34.375,32.8125,29.6875,57.8125,34.375,12.5,45.3125,10.9375,35.9375,21.875,46.875,10.9375,28.125,4.687502,40.625,46.875,30.85938,3975,3975,3975,3975,3975,3975,3975,3975,3975,3975,3975,3975,3975,3975,3975,3975,3975,7044,99.8,11.54
108963,64,99,5299.047,1601,945,221,68.5,39.0625,18.75,34.375,7.812502,35.9375,9.375002,31.25,4.687502,31.25,3.125002,31.25,3.125002,40.625,4.687502,51.5625,28.125,23.4375,3975,3975,3975,3975,3975,3975,3975,3975,3975,3975,3975,3975,3975,3975,3975,3975,3975,7040,99.3,11.454
109970,64,99,5299.047,1601,945,221,69.375,42.1875,37.5,37.5,18.75,46.875,9.375002,32.8125,9.375002,32.8125,10.9375,20.3125,70.3125,32.8125,9.375002,40.625,42.1875,30.85938,3975,3975,3975,3975,3975,3975,3975,3975,3975,3975,3975,3975,3975,3975,3975,3975,3975,7363,99.9,10.558
110977,64,99,5299.047,1601,945,218,68.875,31.25,17.1875,28.125,9.375002,35.9375,10.9375,28.125,6.250002,23.4375,14.0625,23.4375,17.1875,28.125,4.687502,50,29.6875,22.36328,3975,3975,3975,3975,3975,3975,3975,3975,3975,3975,3975,3975,3975,3975,3975,3975,3975,7041,100,10.93
111984,64,99,5299.047,1601,945,217,68.875,50,28.125,56.25,9.375002,35.9375,14.0625,32.8125,9.375002,34.375,9.375002,28.125,21.875,26.5625,17.1875,40.625,40.625,28.41797,3975,3975,3975,3975,3975,3975,3975,3975,3975,3975,3975,3975,3975,3975,3975,3975,3975,7363,99.8,10.611
112991,64,99,5299.047,1600,945,222,69.125,39.0625,20.3125,42.1875,7.812502,29.6875,21.875,32.8125,7.812502,28.125,6.250002,21.875,29.6875,25,4.687502,45.3125,42.1875,25.29297,3975,3975,3975,3975,3975,3975,3975,3975,3975,3975,3975,3975,3975,3975,3975,3975,3975,7042,100.4,10.52
113997,64,99,5299.047,1600,945,216,68.75,35.9375,31.25,35.9375,14.0625,29.6875,10.9375,28.125,9.375002,32.8125,6.250002,26.5625,15.625,31.25,4.687502,46.875,34.375,24.60938,3975,3975,3975,3975,3975,3975,3975,3975,3975,3975,3975,3975,3975,3975,3975,3975,3975,7358,100.1,10.946
115004,64,99,5299.18,1600,945,219,69.125,40.625,28.125,29.6875,40.625,42.1875,18.75,29.6875,14.0625,34.375,21.875,37.5,1.562502,25,9.375002,39.0625,46.875,28.71094,3975,3975,3975,3975,3975,3975,3975,3975,3975,3975,3975,3975,3975,3975,3975,3975,3975,7042,100,10.597
116011,64,99,5299.18,1600,945,219,68.625,51.5625,14.0625,51.5625,18.75,35.9375,10.9375,34.375,4.687502,35.9375,14.0625,32.8125,1.562502,32.8125,9.375002,51.5625,37.5,27.34375,3975,3975,3975,3975,3975,3975,3975,3975,3975,3975,3975,3975,3975,3975,3975,3975,3975,7169,100.5,10.613
117020,59,99,5238.641,235,167,7,69,11.2376,0,8.419749,2.784042,45.05185,4.192969,47.86971,2.784042,11.2376,5.601896,9.828676,2.784042,28.14473,0,5.601896,23.91795,13.09105,4175,4175,2087.5,2087.5,2087.5,2087.5,4175,4175,3975,3975,3975,3975,3975,3975,3525,3525,4175,7046,100.7,10.214
118028,59,99,5238.641,235,167,7,69,11.2376,0,8.419749,2.784042,45.05185,4.192969,47.86971,2.784042,11.2376,5.601896,9.828676,2.784042,28.14473,0,5.601896,23.91795,13.09105,4175,4175,2087.5,2087.5,2087.5,2087.5,4175,4175,3975,3975,3975,3975,3975,3975,3525,3525,4175,7046,100.7,10.214
119037,57,0,5397.816,162,167,5,68,26.40399,13.19445,28.29107,11.30737,41.50061,13.19445,32.06522,18.85568,30.17814,11.30737,32.06522,11.30737,18.85568,15.08152,73.58092,13.19445,24.39897,3975,3975,3975,3975,3975,3975,3975,3975,3975,3975,3975,3975,3975,3975,3975,3975,3975,8306,7.1,19.485
120044,56,0,5397.816,47,167,4,68,20.3125,2.235174E-06,14.0625,42.1875,14.0625,3.125002,25,3.125002,15.625,2.235174E-06,15.625,3.125002,12.5,0,1.562502,21.875,12.01172,2037.5,2037.5,4075,4075,2037.5,2037.5,2037.5,2037.5,2037.5,2037.5,4075,4075,4075,4075,2037.5,2037.5,4075,7983,0,0
121051,56,0,5397.816,37,167,5,67.5,26.5625,1.562502,15.625,6.250002,17.1875,2.235174E-06,7.812502,56.25,28.125,2.235174E-06,20.3125,3.125002,28.125,1.562502,4.687502,17.1875,14.64844,4150,4150,2075,2075,4150,4150,2075,2075,2075,2075,4150,4150,2075,2075,2075,2075,4150,8148,0,0
